symbol,fire_dir,first_move_dir,first_move_aligned,outcome,continues,reverses
NIFTY50,DOWN,UP,False,FOLLOW_THROUGH,True,False
NIFTY50,UP,DOWN,False,FOLLOW_THROUGH,True,False
NIFTY50,DOWN,DOWN,True,FOLLOW_THROUGH,True,False
NIFTY50,DOWN,UP,False,FOLLOW_THROUGH,True,False
NIFTY50,DOWN,UP,False,FOLLOW_THROUGH,True,False
NIFTY50,UP,UP,True,FOLLOW_THROUGH,True,False
NIFTY50,UP,DOWN,False,STALL,False,False
NIFTY50,UP,DOWN,False,FOLLOW_THROUGH,True,False
NIFTY50,UP,DOWN,False,FOLLOW_THROUGH,True,False
NIFTY50,UP,UP,True,REVERSE,False,True
NIFTY50,UP,UP,True,REVERSE,False,True
NIFTY50,UP,DOWN,False,FOLLOW_THROUGH,True,False
NIFTY50,UP,DOWN,False,REVERSE,False,True
NIFTY50,UP,UP,True,FOLLOW_THROUGH,True,False
NIFTY50,UP,DOWN,False,FOLLOW_THROUGH,True,False
NIFTY50,UP,UP,True,STALL,False,False
NIFTY50,UP,DOWN,False,FOLLOW_THROUGH,True,False
NIFTY50,UP,DOWN,False,FOLLOW_THROUGH,True,False
NIFTY50,UP,DOWN,False,FOLLOW_THROUGH,True,False
NIFTY50,DOWN,UP,False,FOLLOW_THROUGH,True,False
NIFTY50,UP,UP,True,FOLLOW_THROUGH,True,False
NIFTY50,UP,UP,True,REVERSE,False,True
NIFTY50,UP,UP,True,FOLLOW_THROUGH,True,False
NIFTY50,DOWN,UP,False,FOLLOW_THROUGH,True,False
NIFTY50,DOWN,DOWN,True,FOLLOW_THROUGH,True,False
NIFTY50,UP,UP,True,REVERSE,False,True
NIFTY50,DOWN,DOWN,True,STALL,False,False
NIFTY50,DOWN,DOWN,True,FOLLOW_THROUGH,True,False
NIFTY50,DOWN,DOWN,True,REVERSE,False,True
NIFTY50,DOWN,DOWN,True,STALL,False,False
NIFTY50,UP,DOWN,False,FOLLOW_THROUGH,True,False
NIFTY50,UP,DOWN,False,FOLLOW_THROUGH,True,False
NIFTY50,DOWN,UP,False,FOLLOW_THROUGH,True,False
NIFTY50,DOWN,UP,False,FOLLOW_THROUGH,True,False
NIFTY50,UP,DOWN,False,FOLLOW_THROUGH,True,False
NIFTY50,DOWN,,False,NEITHER,False,False
NIFTY50,DOWN,DOWN,True,FOLLOW_THROUGH,True,False
NIFTY50,DOWN,UP,False,FOLLOW_THROUGH,True,False
NIFTY50,UP,DOWN,False,REVERSE,False,True
NIFTY50,UP,DOWN,False,FOLLOW_THROUGH,True,False
NIFTY50,UP,UP,True,STALL,False,False
NIFTY50,DOWN,UP,False,FOLLOW_THROUGH,True,False
NIFTY50,DOWN,UP,False,FOLLOW_THROUGH,True,False
NIFTY50,DOWN,UP,False,FOLLOW_THROUGH,True,False
NIFTY50,DOWN,UP,False,FOLLOW_THROUGH,True,False
NIFTY50,DOWN,UP,False,FOLLOW_THROUGH,True,False
NIFTY50,UP,UP,True,FOLLOW_THROUGH,True,False
NIFTY50,DOWN,UP,False,FOLLOW_THROUGH,True,False
NIFTY50,DOWN,DOWN,True,FOLLOW_THROUGH,True,False
NIFTY50,DOWN,DOWN,True,FOLLOW_THROUGH,True,False
NIFTY50,DOWN,UP,False,REVERSE,False,True
NIFTY50,UP,UP,True,FOLLOW_THROUGH,True,False
NIFTY50,UP,UP,True,FOLLOW_THROUGH,True,False
NIFTY50,DOWN,DOWN,True,FOLLOW_THROUGH,True,False
NIFTY50,DOWN,DOWN,True,STALL,False,False
NIFTY50,UP,DOWN,False,FOLLOW_THROUGH,True,False
NIFTY50,UP,UP,True,STALL,False,False
NIFTY50,DOWN,UP,False,FOLLOW_THROUGH,True,False
INDUSINDBK,DOWN,DOWN,True,FOLLOW_THROUGH,True,False
INDUSINDBK,UP,DOWN,False,FOLLOW_THROUGH,True,False
INDUSINDBK,UP,UP,True,FOLLOW_THROUGH,True,False
INDUSINDBK,DOWN,DOWN,True,FOLLOW_THROUGH,True,False
INDUSINDBK,UP,DOWN,False,REVERSE,False,True
INDUSINDBK,DOWN,DOWN,True,FOLLOW_THROUGH,True,False
INDUSINDBK,DOWN,DOWN,True,REVERSE,False,True
INDUSINDBK,UP,DOWN,False,FOLLOW_THROUGH,True,False
INDUSINDBK,UP,UP,True,FOLLOW_THROUGH,True,False
INDUSINDBK,DOWN,DOWN,True,FOLLOW_THROUGH,True,False
INDUSINDBK,UP,UP,True,REVERSE,False,True
INDUSINDBK,DOWN,UP,False,FOLLOW_THROUGH,True,False
INDUSINDBK,DOWN,DOWN,True,STALL,False,False
INDUSINDBK,UP,DOWN,False,FOLLOW_THROUGH,True,False
INDUSINDBK,DOWN,UP,False,STALL,False,False
INDUSINDBK,DOWN,UP,False,STALL,False,False
INDUSINDBK,UP,UP,True,FOLLOW_THROUGH,True,False
INDUSINDBK,UP,UP,True,STALL,False,False
INDUSINDBK,DOWN,DOWN,True,REVERSE,False,True
INDUSINDBK,DOWN,DOWN,True,FOLLOW_THROUGH,True,False
INDUSINDBK,UP,UP,True,REVERSE,False,True
INDUSINDBK,UP,DOWN,False,REVERSE,False,True
INDUSINDBK,UP,DOWN,False,FOLLOW_THROUGH,True,False
INDUSINDBK,UP,DOWN,False,FOLLOW_THROUGH,True,False
INDUSINDBK,DOWN,UP,False,FOLLOW_THROUGH,True,False
INDUSINDBK,DOWN,UP,False,STALL,False,False
INDUSINDBK,DOWN,UP,False,FOLLOW_THROUGH,True,False
INDUSINDBK,DOWN,DOWN,True,FOLLOW_THROUGH,True,False
INDUSINDBK,UP,DOWN,False,FOLLOW_THROUGH,True,False
INDUSINDBK,UP,UP,True,REVERSE,False,True
INDUSINDBK,DOWN,UP,False,FOLLOW_THROUGH,True,False
INDUSINDBK,UP,UP,True,STALL,False,False
INDUSINDBK,UP,UP,True,FOLLOW_THROUGH,True,False
INDUSINDBK,UP,UP,True,FOLLOW_THROUGH,True,False
INDUSINDBK,DOWN,DOWN,True,FOLLOW_THROUGH,True,False
INDUSINDBK,UP,UP,True,FOLLOW_THROUGH,True,False
INDUSINDBK,DOWN,UP,False,FOLLOW_THROUGH,True,False
INDUSINDBK,UP,UP,True,FOLLOW_THROUGH,True,False
INDUSINDBK,UP,DOWN,False,FOLLOW_THROUGH,True,False
INDUSINDBK,DOWN,DOWN,True,FOLLOW_THROUGH,True,False
INDUSINDBK,DOWN,UP,False,FOLLOW_THROUGH,True,False
INDUSINDBK,DOWN,DOWN,True,REVERSE,False,True
INDUSINDBK,DOWN,UP,False,STALL,False,False
INDUSINDBK,UP,UP,True,FOLLOW_THROUGH,True,False
INDUSINDBK,UP,DOWN,False,REVERSE,False,True
INDUSINDBK,UP,DOWN,False,STALL,False,False
INDUSINDBK,UP,UP,True,FOLLOW_THROUGH,True,False
INDUSINDBK,DOWN,DOWN,True,FOLLOW_THROUGH,True,False
INDUSINDBK,UP,DOWN,False,REVERSE,False,True
INDUSINDBK,UP,DOWN,False,FOLLOW_THROUGH,True,False
INDUSINDBK,DOWN,UP,False,FOLLOW_THROUGH,True,False
INDUSINDBK,UP,DOWN,False,REVERSE,False,True
INDUSINDBK,UP,DOWN,False,REVERSE,False,True
INDUSINDBK,UP,DOWN,False,FOLLOW_THROUGH,True,False
INDUSINDBK,DOWN,DOWN,True,FOLLOW_THROUGH,True,False
INDUSINDBK,UP,DOWN,False,STALL,False,False
INDUSINDBK,DOWN,DOWN,True,FOLLOW_THROUGH,True,False
INDUSINDBK,UP,DOWN,False,FOLLOW_THROUGH,True,False
INDUSINDBK,UP,DOWN,False,FOLLOW_THROUGH,True,False
INDUSINDBK,DOWN,DOWN,True,STALL,False,False
INDUSINDBK,UP,UP,True,FOLLOW_THROUGH,True,False
INDUSINDBK,DOWN,DOWN,True,FOLLOW_THROUGH,True,False
INDUSINDBK,UP,DOWN,False,FOLLOW_THROUGH,True,False
INDUSINDBK,DOWN,UP,False,FOLLOW_THROUGH,True,False
INDUSINDBK,DOWN,DOWN,True,STALL,False,False
INDUSINDBK,UP,DOWN,False,STALL,False,False
INDUSINDBK,DOWN,DOWN,True,FOLLOW_THROUGH,True,False
INDUSINDBK,DOWN,UP,False,STALL,False,False
INDUSINDBK,UP,UP,True,FOLLOW_THROUGH,True,False
INDUSINDBK,DOWN,DOWN,True,FOLLOW_THROUGH,True,False
INDUSINDBK,DOWN,DOWN,True,FOLLOW_THROUGH,True,False
INDUSINDBK,UP,DOWN,False,FOLLOW_THROUGH,True,False
INDUSINDBK,DOWN,UP,False,STALL,False,False
INDUSINDBK,DOWN,DOWN,True,FOLLOW_THROUGH,True,False
INDUSINDBK,UP,DOWN,False,FOLLOW_THROUGH,True,False
INDUSINDBK,DOWN,DOWN,True,FOLLOW_THROUGH,True,False
INDUSINDBK,DOWN,UP,False,FOLLOW_THROUGH,True,False
INDUSINDBK,UP,UP,True,STALL,False,False
INDUSINDBK,UP,DOWN,False,FOLLOW_THROUGH,True,False
INDUSINDBK,UP,UP,True,FOLLOW_THROUGH,True,False
INDUSINDBK,DOWN,UP,False,STALL,False,False
INDUSINDBK,DOWN,UP,False,STALL,False,False
INDUSINDBK,UP,DOWN,False,REVERSE,False,True
PNB,UP,DOWN,False,STALL,False,False
PNB,UP,DOWN,False,FOLLOW_THROUGH,True,False
PNB,UP,DOWN,False,REVERSE,False,True
PNB,UP,DOWN,False,FOLLOW_THROUGH,True,False
PNB,UP,DOWN,False,FOLLOW_THROUGH,True,False
PNB,DOWN,UP,False,FOLLOW_THROUGH,True,False
PNB,UP,UP,True,FOLLOW_THROUGH,True,False
PNB,DOWN,DOWN,True,FOLLOW_THROUGH,True,False
PNB,UP,DOWN,False,FOLLOW_THROUGH,True,False
PNB,DOWN,UP,False,REVERSE,False,True
PNB,UP,DOWN,False,FOLLOW_THROUGH,True,False
PNB,DOWN,DOWN,True,FOLLOW_THROUGH,True,False
PNB,DOWN,DOWN,True,REVERSE,False,True
PNB,UP,UP,True,FOLLOW_THROUGH,True,False
PNB,DOWN,DOWN,True,FOLLOW_THROUGH,True,False
PNB,DOWN,UP,False,FOLLOW_THROUGH,True,False
PNB,DOWN,UP,False,FOLLOW_THROUGH,True,False
PNB,DOWN,DOWN,True,FOLLOW_THROUGH,True,False
PNB,UP,DOWN,False,FOLLOW_THROUGH,True,False
PNB,UP,DOWN,False,STALL,False,False
PNB,DOWN,DOWN,True,FOLLOW_THROUGH,True,False
PNB,UP,DOWN,False,FOLLOW_THROUGH,True,False
PNB,UP,UP,True,FOLLOW_THROUGH,True,False
PNB,UP,DOWN,False,FOLLOW_THROUGH,True,False
PNB,UP,DOWN,False,FOLLOW_THROUGH,True,False
PNB,UP,DOWN,False,STALL,False,False
PNB,DOWN,DOWN,True,REVERSE,False,True
PNB,DOWN,DOWN,True,STALL,False,False
PNB,DOWN,DOWN,True,REVERSE,False,True
PNB,DOWN,DOWN,True,FOLLOW_THROUGH,True,False
PNB,DOWN,DOWN,True,REVERSE,False,True
PNB,DOWN,UP,False,REVERSE,False,True
PNB,DOWN,UP,False,FOLLOW_THROUGH,True,False
PNB,UP,UP,True,FOLLOW_THROUGH,True,False
PNB,UP,UP,True,FOLLOW_THROUGH,True,False
PNB,UP,DOWN,False,FOLLOW_THROUGH,True,False
PNB,DOWN,DOWN,True,REVERSE,False,True
PNB,UP,UP,True,REVERSE,False,True
PNB,UP,DOWN,False,STALL,False,False
PNB,DOWN,UP,False,FOLLOW_THROUGH,True,False
PNB,DOWN,DOWN,True,FOLLOW_THROUGH,True,False
PNB,DOWN,UP,False,FOLLOW_THROUGH,True,False
PNB,UP,UP,True,FOLLOW_THROUGH,True,False
PNB,UP,DOWN,False,REVERSE,False,True
PNB,DOWN,DOWN,True,FOLLOW_THROUGH,True,False
PNB,DOWN,UP,False,FOLLOW_THROUGH,True,False
PNB,DOWN,DOWN,True,FOLLOW_THROUGH,True,False
PNB,UP,UP,True,FOLLOW_THROUGH,True,False
PNB,DOWN,DOWN,True,FOLLOW_THROUGH,True,False
PNB,UP,UP,True,STALL,False,False
PNB,UP,DOWN,False,FOLLOW_THROUGH,True,False
PNB,DOWN,DOWN,True,STALL,False,False
PNB,DOWN,UP,False,FOLLOW_THROUGH,True,False
PNB,DOWN,UP,False,REVERSE,False,True
PNB,DOWN,DOWN,True,FOLLOW_THROUGH,True,False
PNB,UP,UP,True,STALL,False,False
PNB,DOWN,UP,False,FOLLOW_THROUGH,True,False
PNB,DOWN,DOWN,True,FOLLOW_THROUGH,True,False
PNB,DOWN,DOWN,True,STALL,False,False
PNB,DOWN,DOWN,True,FOLLOW_THROUGH,True,False
PNB,DOWN,DOWN,True,FOLLOW_THROUGH,True,False
PNB,UP,UP,True,REVERSE,False,True
PNB,DOWN,UP,False,FOLLOW_THROUGH,True,False
PNB,DOWN,UP,False,FOLLOW_THROUGH,True,False
PNB,DOWN,DOWN,True,FOLLOW_THROUGH,True,False
PNB,DOWN,DOWN,True,REVERSE,False,True
PNB,DOWN,UP,False,REVERSE,False,True
PNB,UP,DOWN,False,FOLLOW_THROUGH,True,False
PNB,DOWN,UP,False,STALL,False,False
PNB,DOWN,DOWN,True,FOLLOW_THROUGH,True,False
PNB,DOWN,DOWN,True,FOLLOW_THROUGH,True,False
PNB,DOWN,UP,False,REVERSE,False,True
PNB,UP,DOWN,False,REVERSE,False,True
PNB,UP,DOWN,False,FOLLOW_THROUGH,True,False
PNB,DOWN,UP,False,FOLLOW_THROUGH,True,False
PNB,DOWN,DOWN,True,FOLLOW_THROUGH,True,False
PNB,UP,DOWN,False,STALL,False,False
PNB,UP,DOWN,False,REVERSE,False,True
PNB,DOWN,UP,False,STALL,False,False
PNB,UP,DOWN,False,FOLLOW_THROUGH,True,False
PNB,UP,UP,True,FOLLOW_THROUGH,True,False
PNB,UP,UP,True,REVERSE,False,True
BANKBARODA,UP,UP,True,FOLLOW_THROUGH,True,False
BANKBARODA,DOWN,UP,False,REVERSE,False,True
BANKBARODA,DOWN,DOWN,True,FOLLOW_THROUGH,True,False
BANKBARODA,DOWN,DOWN,True,FOLLOW_THROUGH,True,False
BANKBARODA,UP,UP,True,STALL,False,False
BANKBARODA,DOWN,DOWN,True,FOLLOW_THROUGH,True,False
BANKBARODA,UP,DOWN,False,FOLLOW_THROUGH,True,False
BANKBARODA,DOWN,UP,False,STALL,False,False
BANKBARODA,DOWN,UP,False,STALL,False,False
BANKBARODA,UP,DOWN,False,STALL,False,False
BANKBARODA,DOWN,DOWN,True,STALL,False,False
BANKBARODA,UP,DOWN,False,STALL,False,False
BANKBARODA,DOWN,UP,False,FOLLOW_THROUGH,True,False
BANKBARODA,UP,UP,True,FOLLOW_THROUGH,True,False
BANKBARODA,UP,UP,True,REVERSE,False,True
BANKBARODA,DOWN,UP,False,FOLLOW_THROUGH,True,False
BANKBARODA,DOWN,DOWN,True,FOLLOW_THROUGH,True,False
BANKBARODA,UP,DOWN,False,FOLLOW_THROUGH,True,False
BANKBARODA,UP,DOWN,False,FOLLOW_THROUGH,True,False
BANKBARODA,DOWN,DOWN,True,FOLLOW_THROUGH,True,False
BANKBARODA,UP,DOWN,False,REVERSE,False,True
BANKBARODA,DOWN,DOWN,True,FOLLOW_THROUGH,True,False
BANKBARODA,UP,DOWN,False,FOLLOW_THROUGH,True,False
BANKBARODA,UP,DOWN,False,STALL,False,False
BANKBARODA,DOWN,UP,False,FOLLOW_THROUGH,True,False
BANKBARODA,DOWN,DOWN,True,FOLLOW_THROUGH,True,False
BANKBARODA,UP,DOWN,False,FOLLOW_THROUGH,True,False
BANKBARODA,UP,UP,True,FOLLOW_THROUGH,True,False
BANKBARODA,DOWN,DOWN,True,FOLLOW_THROUGH,True,False
BANKBARODA,UP,UP,True,FOLLOW_THROUGH,True,False
BANKBARODA,UP,DOWN,False,REVERSE,False,True
BANKBARODA,UP,UP,True,FOLLOW_THROUGH,True,False
BANKBARODA,DOWN,DOWN,True,STALL,False,False
BANKBARODA,DOWN,DOWN,True,FOLLOW_THROUGH,True,False
BANKBARODA,UP,UP,True,FOLLOW_THROUGH,True,False
BANKBARODA,UP,UP,True,FOLLOW_THROUGH,True,False
BANKBARODA,DOWN,DOWN,True,STALL,False,False
BANKBARODA,UP,UP,True,FOLLOW_THROUGH,True,False
BANKBARODA,UP,DOWN,False,FOLLOW_THROUGH,True,False
BANKBARODA,UP,DOWN,False,FOLLOW_THROUGH,True,False
BANKBARODA,DOWN,DOWN,True,FOLLOW_THROUGH,True,False
BANKBARODA,DOWN,UP,False,FOLLOW_THROUGH,True,False
BANKBARODA,DOWN,UP,False,FOLLOW_THROUGH,True,False
BANKBARODA,DOWN,UP,False,FOLLOW_THROUGH,True,False
BANKBARODA,UP,UP,True,FOLLOW_THROUGH,True,False
BANKBARODA,DOWN,DOWN,True,STALL,False,False
BANKBARODA,DOWN,DOWN,True,FOLLOW_THROUGH,True,False
BANKBARODA,UP,UP,True,FOLLOW_THROUGH,True,False
BANKBARODA,UP,UP,True,REVERSE,False,True
BANKBARODA,DOWN,UP,False,STALL,False,False
BANKBARODA,DOWN,UP,False,REVERSE,False,True
BANKBARODA,UP,UP,True,FOLLOW_THROUGH,True,False
BANKBARODA,UP,UP,True,FOLLOW_THROUGH,True,False
BANKBARODA,DOWN,DOWN,True,FOLLOW_THROUGH,True,False
BANKBARODA,UP,,False,NEITHER,False,False
BANKBARODA,DOWN,DOWN,True,FOLLOW_THROUGH,True,False
BANKBARODA,UP,DOWN,False,STALL,False,False
BANKBARODA,UP,UP,True,FOLLOW_THROUGH,True,False
BANKBARODA,UP,DOWN,False,FOLLOW_THROUGH,True,False
BANKBARODA,DOWN,DOWN,True,FOLLOW_THROUGH,True,False
BANKBARODA,UP,DOWN,False,FOLLOW_THROUGH,True,False
BANKBARODA,DOWN,UP,False,FOLLOW_THROUGH,True,False
BANKBARODA,DOWN,DOWN,True,FOLLOW_THROUGH,True,False
BANKBARODA,DOWN,DOWN,True,REVERSE,False,True
BANKBARODA,DOWN,DOWN,True,FOLLOW_THROUGH,True,False
BANKBARODA,DOWN,UP,False,FOLLOW_THROUGH,True,False
BANKBARODA,UP,UP,True,FOLLOW_THROUGH,True,False
BANKBARODA,DOWN,UP,False,FOLLOW_THROUGH,True,False
BANKBARODA,DOWN,DOWN,True,FOLLOW_THROUGH,True,False
BANKBARODA,UP,DOWN,False,FOLLOW_THROUGH,True,False
BANKBARODA,UP,DOWN,False,FOLLOW_THROUGH,True,False
BANKBARODA,UP,UP,True,FOLLOW_THROUGH,True,False
BANKBARODA,DOWN,DOWN,True,FOLLOW_THROUGH,True,False
BANKBARODA,DOWN,DOWN,True,FOLLOW_THROUGH,True,False
BANKBARODA,UP,DOWN,False,FOLLOW_THROUGH,True,False
BANKBARODA,UP,DOWN,False,FOLLOW_THROUGH,True,False
BANKBARODA,UP,UP,True,STALL,False,False
BANKBARODA,UP,UP,True,STALL,False,False
BANKBARODA,UP,UP,True,FOLLOW_THROUGH,True,False
BANKBARODA,DOWN,DOWN,True,FOLLOW_THROUGH,True,False
BANKBARODA,UP,UP,True,FOLLOW_THROUGH,True,False
BANKBARODA,DOWN,DOWN,True,FOLLOW_THROUGH,True,False
BANKBARODA,DOWN,DOWN,True,FOLLOW_THROUGH,True,False
BANKBARODA,DOWN,DOWN,True,REVERSE,False,True
BANKBARODA,UP,DOWN,False,FOLLOW_THROUGH,True,False
BANKBARODA,UP,DOWN,False,REVERSE,False,True
BANKBARODA,DOWN,UP,False,FOLLOW_THROUGH,True,False
BANKBARODA,DOWN,UP,False,FOLLOW_THROUGH,True,False
BANKBARODA,DOWN,DOWN,True,FOLLOW_THROUGH,True,False
BANKBARODA,UP,DOWN,False,FOLLOW_THROUGH,True,False
BANKBARODA,UP,UP,True,FOLLOW_THROUGH,True,False
WIPRO,UP,,False,NEITHER,False,False
WIPRO,DOWN,UP,False,FOLLOW_THROUGH,True,False
WIPRO,DOWN,DOWN,True,FOLLOW_THROUGH,True,False
WIPRO,UP,DOWN,False,STALL,False,False
WIPRO,DOWN,UP,False,REVERSE,False,True
WIPRO,UP,UP,True,FOLLOW_THROUGH,True,False
WIPRO,DOWN,UP,False,FOLLOW_THROUGH,True,False
WIPRO,DOWN,UP,False,FOLLOW_THROUGH,True,False
WIPRO,DOWN,UP,False,STALL,False,False
WIPRO,DOWN,DOWN,True,FOLLOW_THROUGH,True,False
WIPRO,UP,UP,True,FOLLOW_THROUGH,True,False
WIPRO,DOWN,DOWN,True,REVERSE,False,True
WIPRO,DOWN,UP,False,FOLLOW_THROUGH,True,False
WIPRO,DOWN,UP,False,STALL,False,False
WIPRO,UP,UP,True,FOLLOW_THROUGH,True,False
WIPRO,DOWN,DOWN,True,FOLLOW_THROUGH,True,False
WIPRO,DOWN,UP,False,FOLLOW_THROUGH,True,False
WIPRO,DOWN,DOWN,True,REVERSE,False,True
WIPRO,DOWN,DOWN,True,FOLLOW_THROUGH,True,False
WIPRO,UP,UP,True,STALL,False,False
WIPRO,UP,DOWN,False,REVERSE,False,True
WIPRO,UP,UP,True,FOLLOW_THROUGH,True,False
WIPRO,UP,UP,True,STALL,False,False
WIPRO,UP,DOWN,False,STALL,False,False
WIPRO,DOWN,DOWN,True,REVERSE,False,True
WIPRO,DOWN,UP,False,REVERSE,False,True
WIPRO,DOWN,DOWN,True,FOLLOW_THROUGH,True,False
WIPRO,UP,DOWN,False,STALL,False,False
WIPRO,UP,DOWN,False,FOLLOW_THROUGH,True,False
WIPRO,UP,DOWN,False,FOLLOW_THROUGH,True,False
WIPRO,DOWN,DOWN,True,FOLLOW_THROUGH,True,False
WIPRO,UP,DOWN,False,FOLLOW_THROUGH,True,False
WIPRO,UP,DOWN,False,FOLLOW_THROUGH,True,False
WIPRO,DOWN,DOWN,True,FOLLOW_THROUGH,True,False
WIPRO,DOWN,DOWN,True,STALL,False,False
WIPRO,UP,UP,True,STALL,False,False
WIPRO,UP,DOWN,False,FOLLOW_THROUGH,True,False
WIPRO,UP,UP,True,FOLLOW_THROUGH,True,False
WIPRO,DOWN,DOWN,True,STALL,False,False
WIPRO,UP,UP,True,FOLLOW_THROUGH,True,False
WIPRO,UP,UP,True,FOLLOW_THROUGH,True,False
WIPRO,UP,DOWN,False,STALL,False,False
WIPRO,UP,DOWN,False,FOLLOW_THROUGH,True,False
WIPRO,DOWN,DOWN,True,FOLLOW_THROUGH,True,False
WIPRO,DOWN,DOWN,True,STALL,False,False
WIPRO,UP,UP,True,FOLLOW_THROUGH,True,False
WIPRO,DOWN,UP,False,REVERSE,False,True
WIPRO,DOWN,UP,False,FOLLOW_THROUGH,True,False
WIPRO,UP,DOWN,False,FOLLOW_THROUGH,True,False
WIPRO,UP,UP,True,STALL,False,False
WIPRO,UP,UP,True,FOLLOW_THROUGH,True,False
WIPRO,UP,UP,True,FOLLOW_THROUGH,True,False
WIPRO,UP,UP,True,FOLLOW_THROUGH,True,False
WIPRO,UP,DOWN,False,STALL,False,False
WIPRO,UP,UP,True,FOLLOW_THROUGH,True,False
WIPRO,UP,UP,True,FOLLOW_THROUGH,True,False
WIPRO,UP,DOWN,False,STALL,False,False
WIPRO,DOWN,DOWN,True,FOLLOW_THROUGH,True,False
WIPRO,DOWN,UP,False,FOLLOW_THROUGH,True,False
WIPRO,DOWN,UP,False,FOLLOW_THROUGH,True,False
WIPRO,DOWN,UP,False,FOLLOW_THROUGH,True,False
WIPRO,UP,DOWN,False,FOLLOW_THROUGH,True,False
WIPRO,DOWN,UP,False,FOLLOW_THROUGH,True,False
WIPRO,UP,UP,True,FOLLOW_THROUGH,True,False
WIPRO,DOWN,UP,False,FOLLOW_THROUGH,True,False
WIPRO,DOWN,DOWN,True,STALL,False,False
WIPRO,UP,DOWN,False,STALL,False,False
WIPRO,DOWN,UP,False,FOLLOW_THROUGH,True,False
WIPRO,DOWN,UP,False,STALL,False,False
WIPRO,DOWN,,False,NEITHER,False,False
WIPRO,UP,DOWN,False,STALL,False,False
WIPRO,DOWN,UP,False,STALL,False,False
WIPRO,UP,DOWN,False,FOLLOW_THROUGH,True,False
WIPRO,UP,DOWN,False,FOLLOW_THROUGH,True,False
WIPRO,DOWN,UP,False,STALL,False,False
WIPRO,UP,UP,True,STALL,False,False
WIPRO,DOWN,UP,False,FOLLOW_THROUGH,True,False
WIPRO,UP,DOWN,False,FOLLOW_THROUGH,True,False
WIPRO,DOWN,DOWN,True,FOLLOW_THROUGH,True,False
WIPRO,DOWN,UP,False,STALL,False,False
WIPRO,UP,UP,True,FOLLOW_THROUGH,True,False
WIPRO,DOWN,UP,False,STALL,False,False
WIPRO,DOWN,,False,NEITHER,False,False
WIPRO,DOWN,DOWN,True,STALL,False,False
HCLTECH,UP,UP,True,FOLLOW_THROUGH,True,False
HCLTECH,UP,DOWN,False,FOLLOW_THROUGH,True,False
HCLTECH,DOWN,UP,False,FOLLOW_THROUGH,True,False
HCLTECH,UP,UP,True,FOLLOW_THROUGH,True,False
HCLTECH,DOWN,UP,False,REVERSE,False,True
HCLTECH,UP,DOWN,False,STALL,False,False
HCLTECH,UP,DOWN,False,FOLLOW_THROUGH,True,False
HCLTECH,UP,DOWN,False,FOLLOW_THROUGH,True,False
HCLTECH,UP,DOWN,False,STALL,False,False
HCLTECH,DOWN,UP,False,FOLLOW_THROUGH,True,False
HCLTECH,UP,DOWN,False,FOLLOW_THROUGH,True,False
HCLTECH,UP,UP,True,STALL,False,False
HCLTECH,DOWN,DOWN,True,REVERSE,False,True
HCLTECH,UP,UP,True,FOLLOW_THROUGH,True,False
HCLTECH,UP,UP,True,FOLLOW_THROUGH,True,False
HCLTECH,UP,DOWN,False,FOLLOW_THROUGH,True,False
HCLTECH,UP,DOWN,False,STALL,False,False
HCLTECH,DOWN,UP,False,STALL,False,False
HCLTECH,UP,DOWN,False,STALL,False,False
HCLTECH,UP,UP,True,FOLLOW_THROUGH,True,False
HCLTECH,DOWN,DOWN,True,FOLLOW_THROUGH,True,False
HCLTECH,UP,DOWN,False,REVERSE,False,True
HCLTECH,UP,DOWN,False,STALL,False,False
HCLTECH,DOWN,DOWN,True,FOLLOW_THROUGH,True,False
HCLTECH,DOWN,UP,False,STALL,False,False
HCLTECH,UP,DOWN,False,FOLLOW_THROUGH,True,False
HCLTECH,UP,UP,True,FOLLOW_THROUGH,True,False
HCLTECH,UP,DOWN,False,REVERSE,False,True
HCLTECH,DOWN,DOWN,True,STALL,False,False
HCLTECH,DOWN,UP,False,FOLLOW_THROUGH,True,False
HCLTECH,DOWN,DOWN,True,FOLLOW_THROUGH,True,False
HCLTECH,UP,UP,True,FOLLOW_THROUGH,True,False
HCLTECH,DOWN,UP,False,FOLLOW_THROUGH,True,False
HCLTECH,UP,UP,True,FOLLOW_THROUGH,True,False
HCLTECH,DOWN,UP,False,FOLLOW_THROUGH,True,False
HCLTECH,UP,UP,True,FOLLOW_THROUGH,True,False
HCLTECH,DOWN,DOWN,True,FOLLOW_THROUGH,True,False
HCLTECH,DOWN,DOWN,True,FOLLOW_THROUGH,True,False
HCLTECH,UP,UP,True,FOLLOW_THROUGH,True,False
HCLTECH,UP,DOWN,False,REVERSE,False,True
HCLTECH,UP,DOWN,False,FOLLOW_THROUGH,True,False
HCLTECH,DOWN,UP,False,FOLLOW_THROUGH,True,False
HCLTECH,DOWN,UP,False,REVERSE,False,True
HCLTECH,DOWN,UP,False,STALL,False,False
HCLTECH,DOWN,UP,False,STALL,False,False
HCLTECH,UP,DOWN,False,REVERSE,False,True
HCLTECH,DOWN,UP,False,STALL,False,False
HCLTECH,DOWN,DOWN,True,STALL,False,False
HCLTECH,UP,UP,True,FOLLOW_THROUGH,True,False
HCLTECH,UP,DOWN,False,FOLLOW_THROUGH,True,False
HCLTECH,UP,DOWN,False,FOLLOW_THROUGH,True,False
HCLTECH,DOWN,UP,False,FOLLOW_THROUGH,True,False
HCLTECH,UP,DOWN,False,FOLLOW_THROUGH,True,False
HCLTECH,UP,UP,True,FOLLOW_THROUGH,True,False
HCLTECH,UP,DOWN,False,FOLLOW_THROUGH,True,False
HCLTECH,UP,UP,True,REVERSE,False,True
HCLTECH,UP,UP,True,FOLLOW_THROUGH,True,False
HCLTECH,DOWN,UP,False,FOLLOW_THROUGH,True,False
HCLTECH,UP,DOWN,False,STALL,False,False
HCLTECH,UP,UP,True,REVERSE,False,True
HCLTECH,DOWN,UP,False,FOLLOW_THROUGH,True,False
HCLTECH,DOWN,DOWN,True,FOLLOW_THROUGH,True,False
HCLTECH,UP,UP,True,STALL,False,False
HCLTECH,UP,UP,True,STALL,False,False
HCLTECH,UP,UP,True,REVERSE,False,True
HCLTECH,UP,UP,True,FOLLOW_THROUGH,True,False
HCLTECH,DOWN,DOWN,True,STALL,False,False
HCLTECH,DOWN,DOWN,True,REVERSE,False,True
HCLTECH,UP,UP,True,FOLLOW_THROUGH,True,False
HCLTECH,DOWN,DOWN,True,FOLLOW_THROUGH,True,False
HCLTECH,UP,DOWN,False,STALL,False,False
HCLTECH,UP,UP,True,REVERSE,False,True
HCLTECH,DOWN,UP,False,FOLLOW_THROUGH,True,False
HCLTECH,UP,DOWN,False,STALL,False,False
HCLTECH,UP,UP,True,REVERSE,False,True
HCLTECH,UP,DOWN,False,FOLLOW_THROUGH,True,False
HCLTECH,UP,UP,True,FOLLOW_THROUGH,True,False
HCLTECH,UP,DOWN,False,REVERSE,False,True
HCLTECH,UP,UP,True,REVERSE,False,True
HCLTECH,DOWN,UP,False,FOLLOW_THROUGH,True,False
HCLTECH,DOWN,UP,False,FOLLOW_THROUGH,True,False
HCLTECH,DOWN,UP,False,REVERSE,False,True
HCLTECH,UP,DOWN,False,STALL,False,False
HCLTECH,DOWN,DOWN,True,STALL,False,False
HCLTECH,UP,UP,True,FOLLOW_THROUGH,True,False
HCLTECH,DOWN,UP,False,REVERSE,False,True
MARUTI,UP,UP,True,FOLLOW_THROUGH,True,False
MARUTI,UP,UP,True,FOLLOW_THROUGH,True,False
MARUTI,DOWN,UP,False,FOLLOW_THROUGH,True,False
MARUTI,UP,DOWN,False,FOLLOW_THROUGH,True,False
MARUTI,DOWN,DOWN,True,FOLLOW_THROUGH,True,False
MARUTI,UP,DOWN,False,REVERSE,False,True
MARUTI,DOWN,DOWN,True,FOLLOW_THROUGH,True,False
MARUTI,DOWN,DOWN,True,FOLLOW_THROUGH,True,False
MARUTI,UP,DOWN,False,FOLLOW_THROUGH,True,False
MARUTI,UP,DOWN,False,FOLLOW_THROUGH,True,False
MARUTI,UP,DOWN,False,REVERSE,False,True
MARUTI,UP,UP,True,REVERSE,False,True
MARUTI,UP,UP,True,FOLLOW_THROUGH,True,False
MARUTI,UP,UP,True,FOLLOW_THROUGH,True,False
MARUTI,DOWN,UP,False,FOLLOW_THROUGH,True,False
MARUTI,DOWN,UP,False,FOLLOW_THROUGH,True,False
MARUTI,DOWN,DOWN,True,REVERSE,False,True
MARUTI,DOWN,UP,False,FOLLOW_THROUGH,True,False
MARUTI,DOWN,DOWN,True,REVERSE,False,True
MARUTI,UP,DOWN,False,REVERSE,False,True
MARUTI,DOWN,UP,False,STALL,False,False
MARUTI,UP,UP,True,FOLLOW_THROUGH,True,False
MARUTI,UP,UP,True,FOLLOW_THROUGH,True,False
MARUTI,DOWN,UP,False,STALL,False,False
MARUTI,DOWN,UP,False,FOLLOW_THROUGH,True,False
MARUTI,DOWN,DOWN,True,REVERSE,False,True
MARUTI,UP,DOWN,False,STALL,False,False
MARUTI,DOWN,DOWN,True,REVERSE,False,True
MARUTI,DOWN,UP,False,FOLLOW_THROUGH,True,False
MARUTI,DOWN,DOWN,True,FOLLOW_THROUGH,True,False
MARUTI,DOWN,UP,False,FOLLOW_THROUGH,True,False
MARUTI,UP,UP,True,FOLLOW_THROUGH,True,False
MARUTI,DOWN,DOWN,True,FOLLOW_THROUGH,True,False
MARUTI,UP,UP,True,REVERSE,False,True
MARUTI,DOWN,DOWN,True,STALL,False,False
MARUTI,DOWN,DOWN,True,FOLLOW_THROUGH,True,False
MARUTI,UP,DOWN,False,FOLLOW_THROUGH,True,False
MARUTI,UP,UP,True,FOLLOW_THROUGH,True,False
MARUTI,UP,UP,True,FOLLOW_THROUGH,True,False
MARUTI,UP,UP,True,FOLLOW_THROUGH,True,False
MARUTI,DOWN,UP,False,FOLLOW_THROUGH,True,False
MARUTI,DOWN,UP,False,REVERSE,False,True
MARUTI,DOWN,DOWN,True,FOLLOW_THROUGH,True,False
MARUTI,UP,DOWN,False,FOLLOW_THROUGH,True,False
MARUTI,DOWN,UP,False,FOLLOW_THROUGH,True,False
MARUTI,UP,UP,True,REVERSE,False,True
MARUTI,UP,UP,True,REVERSE,False,True
MARUTI,DOWN,DOWN,True,FOLLOW_THROUGH,True,False
MARUTI,UP,DOWN,False,FOLLOW_THROUGH,True,False
MARUTI,UP,UP,True,FOLLOW_THROUGH,True,False
MARUTI,UP,DOWN,False,REVERSE,False,True
MARUTI,UP,DOWN,False,FOLLOW_THROUGH,True,False
MARUTI,UP,DOWN,False,FOLLOW_THROUGH,True,False
MARUTI,DOWN,UP,False,FOLLOW_THROUGH,True,False
MARUTI,UP,DOWN,False,FOLLOW_THROUGH,True,False
MARUTI,DOWN,DOWN,True,FOLLOW_THROUGH,True,False
MARUTI,DOWN,DOWN,True,FOLLOW_THROUGH,True,False
MARUTI,UP,DOWN,False,FOLLOW_THROUGH,True,False
MARUTI,DOWN,DOWN,True,STALL,False,False
MARUTI,DOWN,UP,False,FOLLOW_THROUGH,True,False
MARUTI,UP,UP,True,FOLLOW_THROUGH,True,False
MARUTI,UP,DOWN,False,STALL,False,False
MARUTI,UP,UP,True,FOLLOW_THROUGH,True,False
MARUTI,UP,UP,True,FOLLOW_THROUGH,True,False
MARUTI,DOWN,DOWN,True,REVERSE,False,True
MARUTI,DOWN,UP,False,FOLLOW_THROUGH,True,False
MARUTI,DOWN,DOWN,True,FOLLOW_THROUGH,True,False
MARUTI,DOWN,UP,False,FOLLOW_THROUGH,True,False
MARUTI,DOWN,UP,False,STALL,False,False
MARUTI,DOWN,DOWN,True,STALL,False,False
MARUTI,DOWN,UP,False,FOLLOW_THROUGH,True,False
MARUTI,UP,UP,True,STALL,False,False
MARUTI,UP,DOWN,False,STALL,False,False
MARUTI,DOWN,DOWN,True,FOLLOW_THROUGH,True,False
MARUTI,UP,DOWN,False,FOLLOW_THROUGH,True,False
MARUTI,DOWN,DOWN,True,FOLLOW_THROUGH,True,False
MARUTI,DOWN,UP,False,STALL,False,False
MARUTI,UP,UP,True,STALL,False,False
MARUTI,DOWN,UP,False,FOLLOW_THROUGH,True,False
MARUTI,UP,DOWN,False,FOLLOW_THROUGH,True,False
MARUTI,UP,UP,True,STALL,False,False
MARUTI,DOWN,UP,False,STALL,False,False
MARUTI,DOWN,DOWN,True,FOLLOW_THROUGH,True,False
HEROMOTOCO,UP,UP,True,STALL,False,False
HEROMOTOCO,DOWN,DOWN,True,FOLLOW_THROUGH,True,False
HEROMOTOCO,UP,UP,True,FOLLOW_THROUGH,True,False
HEROMOTOCO,DOWN,UP,False,STALL,False,False
HEROMOTOCO,UP,DOWN,False,STALL,False,False
HEROMOTOCO,DOWN,DOWN,True,FOLLOW_THROUGH,True,False
HEROMOTOCO,UP,UP,True,FOLLOW_THROUGH,True,False
HEROMOTOCO,UP,DOWN,False,STALL,False,False
HEROMOTOCO,UP,DOWN,False,FOLLOW_THROUGH,True,False
HEROMOTOCO,UP,DOWN,False,FOLLOW_THROUGH,True,False
HEROMOTOCO,UP,UP,True,FOLLOW_THROUGH,True,False
HEROMOTOCO,UP,UP,True,FOLLOW_THROUGH,True,False
HEROMOTOCO,UP,UP,True,FOLLOW_THROUGH,True,False
HEROMOTOCO,UP,UP,True,FOLLOW_THROUGH,True,False
HEROMOTOCO,UP,UP,True,FOLLOW_THROUGH,True,False
HEROMOTOCO,UP,UP,True,FOLLOW_THROUGH,True,False
HEROMOTOCO,DOWN,DOWN,True,FOLLOW_THROUGH,True,False
HEROMOTOCO,UP,DOWN,False,REVERSE,False,True
HEROMOTOCO,DOWN,UP,False,FOLLOW_THROUGH,True,False
HEROMOTOCO,DOWN,UP,False,REVERSE,False,True
HEROMOTOCO,DOWN,DOWN,True,FOLLOW_THROUGH,True,False
HEROMOTOCO,UP,UP,True,STALL,False,False
HEROMOTOCO,DOWN,DOWN,True,FOLLOW_THROUGH,True,False
HEROMOTOCO,DOWN,DOWN,True,FOLLOW_THROUGH,True,False
HEROMOTOCO,DOWN,DOWN,True,FOLLOW_THROUGH,True,False
HEROMOTOCO,DOWN,UP,False,FOLLOW_THROUGH,True,False
HEROMOTOCO,DOWN,UP,False,FOLLOW_THROUGH,True,False
HEROMOTOCO,UP,UP,True,FOLLOW_THROUGH,True,False
HEROMOTOCO,DOWN,UP,False,STALL,False,False
HEROMOTOCO,DOWN,DOWN,True,FOLLOW_THROUGH,True,False
HEROMOTOCO,UP,UP,True,FOLLOW_THROUGH,True,False
HEROMOTOCO,DOWN,UP,False,FOLLOW_THROUGH,True,False
HEROMOTOCO,UP,UP,True,FOLLOW_THROUGH,True,False
HEROMOTOCO,UP,UP,True,FOLLOW_THROUGH,True,False
HEROMOTOCO,DOWN,UP,False,STALL,False,False
HEROMOTOCO,UP,UP,True,FOLLOW_THROUGH,True,False
HEROMOTOCO,UP,DOWN,False,FOLLOW_THROUGH,True,False
HEROMOTOCO,DOWN,UP,False,FOLLOW_THROUGH,True,False
HEROMOTOCO,DOWN,DOWN,True,REVERSE,False,True
HEROMOTOCO,DOWN,DOWN,True,FOLLOW_THROUGH,True,False
HEROMOTOCO,DOWN,UP,False,REVERSE,False,True
HEROMOTOCO,DOWN,DOWN,True,REVERSE,False,True
HEROMOTOCO,DOWN,UP,False,FOLLOW_THROUGH,True,False
HEROMOTOCO,DOWN,,False,NEITHER,False,False
HEROMOTOCO,DOWN,DOWN,True,STALL,False,False
HEROMOTOCO,DOWN,DOWN,True,FOLLOW_THROUGH,True,False
HEROMOTOCO,DOWN,DOWN,True,FOLLOW_THROUGH,True,False
HEROMOTOCO,UP,DOWN,False,FOLLOW_THROUGH,True,False
HEROMOTOCO,DOWN,DOWN,True,FOLLOW_THROUGH,True,False
HEROMOTOCO,UP,UP,True,FOLLOW_THROUGH,True,False
HEROMOTOCO,UP,DOWN,False,FOLLOW_THROUGH,True,False
HEROMOTOCO,DOWN,DOWN,True,FOLLOW_THROUGH,True,False
HEROMOTOCO,UP,UP,True,FOLLOW_THROUGH,True,False
HEROMOTOCO,DOWN,UP,False,FOLLOW_THROUGH,True,False
HEROMOTOCO,DOWN,UP,False,FOLLOW_THROUGH,True,False
HEROMOTOCO,DOWN,DOWN,True,FOLLOW_THROUGH,True,False
HEROMOTOCO,UP,UP,True,FOLLOW_THROUGH,True,False
HEROMOTOCO,UP,UP,True,FOLLOW_THROUGH,True,False
HEROMOTOCO,DOWN,DOWN,True,FOLLOW_THROUGH,True,False
HEROMOTOCO,DOWN,UP,False,STALL,False,False
HEROMOTOCO,UP,UP,True,FOLLOW_THROUGH,True,False
HEROMOTOCO,DOWN,,False,NEITHER,False,False
HEROMOTOCO,DOWN,UP,False,REVERSE,False,True
HEROMOTOCO,UP,DOWN,False,FOLLOW_THROUGH,True,False
HEROMOTOCO,DOWN,DOWN,True,FOLLOW_THROUGH,True,False
HEROMOTOCO,UP,UP,True,FOLLOW_THROUGH,True,False
HEROMOTOCO,DOWN,DOWN,True,STALL,False,False
HEROMOTOCO,UP,DOWN,False,FOLLOW_THROUGH,True,False
HEROMOTOCO,UP,DOWN,False,FOLLOW_THROUGH,True,False
EICHERMOT,UP,DOWN,False,FOLLOW_THROUGH,True,False
EICHERMOT,DOWN,UP,False,FOLLOW_THROUGH,True,False
EICHERMOT,DOWN,UP,False,FOLLOW_THROUGH,True,False
EICHERMOT,UP,DOWN,False,REVERSE,False,True
EICHERMOT,UP,DOWN,False,REVERSE,False,True
EICHERMOT,DOWN,DOWN,True,FOLLOW_THROUGH,True,False
EICHERMOT,UP,UP,True,STALL,False,False
EICHERMOT,UP,UP,True,STALL,False,False
EICHERMOT,UP,DOWN,False,STALL,False,False
EICHERMOT,UP,DOWN,False,STALL,False,False
EICHERMOT,UP,DOWN,False,FOLLOW_THROUGH,True,False
EICHERMOT,DOWN,UP,False,FOLLOW_THROUGH,True,False
EICHERMOT,DOWN,UP,False,FOLLOW_THROUGH,True,False
EICHERMOT,UP,UP,True,STALL,False,False
EICHERMOT,DOWN,UP,False,STALL,False,False
EICHERMOT,DOWN,DOWN,True,STALL,False,False
EICHERMOT,UP,DOWN,False,STALL,False,False
EICHERMOT,DOWN,UP,False,FOLLOW_THROUGH,True,False
EICHERMOT,DOWN,DOWN,True,FOLLOW_THROUGH,True,False
EICHERMOT,UP,DOWN,False,FOLLOW_THROUGH,True,False
EICHERMOT,DOWN,DOWN,True,FOLLOW_THROUGH,True,False
EICHERMOT,UP,UP,True,REVERSE,False,True
EICHERMOT,DOWN,UP,False,STALL,False,False
EICHERMOT,DOWN,DOWN,True,STALL,False,False
EICHERMOT,DOWN,UP,False,FOLLOW_THROUGH,True,False
EICHERMOT,DOWN,DOWN,True,FOLLOW_THROUGH,True,False
EICHERMOT,DOWN,UP,False,FOLLOW_THROUGH,True,False
EICHERMOT,UP,DOWN,False,STALL,False,False
EICHERMOT,DOWN,UP,False,STALL,False,False
EICHERMOT,DOWN,UP,False,REVERSE,False,True
EICHERMOT,DOWN,UP,False,STALL,False,False
EICHERMOT,UP,UP,True,STALL,False,False
EICHERMOT,DOWN,UP,False,FOLLOW_THROUGH,True,False
EICHERMOT,DOWN,UP,False,REVERSE,False,True
EICHERMOT,DOWN,UP,False,FOLLOW_THROUGH,True,False
EICHERMOT,UP,DOWN,False,STALL,False,False
EICHERMOT,DOWN,DOWN,True,FOLLOW_THROUGH,True,False
EICHERMOT,UP,UP,True,FOLLOW_THROUGH,True,False
EICHERMOT,DOWN,DOWN,True,FOLLOW_THROUGH,True,False
EICHERMOT,UP,UP,True,REVERSE,False,True
EICHERMOT,DOWN,DOWN,True,STALL,False,False
EICHERMOT,DOWN,DOWN,True,FOLLOW_THROUGH,True,False
EICHERMOT,UP,UP,True,STALL,False,False
EICHERMOT,UP,UP,True,FOLLOW_THROUGH,True,False
EICHERMOT,DOWN,UP,False,FOLLOW_THROUGH,True,False
EICHERMOT,DOWN,UP,False,FOLLOW_THROUGH,True,False
EICHERMOT,DOWN,DOWN,True,FOLLOW_THROUGH,True,False
EICHERMOT,DOWN,UP,False,REVERSE,False,True
EICHERMOT,UP,DOWN,False,FOLLOW_THROUGH,True,False
EICHERMOT,UP,UP,True,FOLLOW_THROUGH,True,False
EICHERMOT,UP,UP,True,FOLLOW_THROUGH,True,False
EICHERMOT,DOWN,UP,False,FOLLOW_THROUGH,True,False
EICHERMOT,DOWN,,False,NEITHER,False,False
EICHERMOT,DOWN,DOWN,True,FOLLOW_THROUGH,True,False
EICHERMOT,DOWN,DOWN,True,REVERSE,False,True
EICHERMOT,UP,DOWN,False,REVERSE,False,True
EICHERMOT,UP,UP,True,REVERSE,False,True
EICHERMOT,DOWN,DOWN,True,FOLLOW_THROUGH,True,False
EICHERMOT,DOWN,DOWN,True,FOLLOW_THROUGH,True,False
EICHERMOT,UP,UP,True,REVERSE,False,True
EICHERMOT,DOWN,DOWN,True,FOLLOW_THROUGH,True,False
EICHERMOT,UP,UP,True,FOLLOW_THROUGH,True,False
EICHERMOT,DOWN,UP,False,FOLLOW_THROUGH,True,False
EICHERMOT,UP,DOWN,False,FOLLOW_THROUGH,True,False
EICHERMOT,UP,UP,True,FOLLOW_THROUGH,True,False
EICHERMOT,DOWN,UP,False,FOLLOW_THROUGH,True,False
EICHERMOT,DOWN,UP,False,REVERSE,False,True
EICHERMOT,DOWN,DOWN,True,REVERSE,False,True
EICHERMOT,UP,DOWN,False,STALL,False,False
EICHERMOT,DOWN,DOWN,True,FOLLOW_THROUGH,True,False
EICHERMOT,DOWN,UP,False,FOLLOW_THROUGH,True,False
EICHERMOT,DOWN,DOWN,True,REVERSE,False,True
EICHERMOT,DOWN,DOWN,True,FOLLOW_THROUGH,True,False
EICHERMOT,UP,UP,True,FOLLOW_THROUGH,True,False
TITAN,DOWN,UP,False,FOLLOW_THROUGH,True,False
TITAN,DOWN,UP,False,FOLLOW_THROUGH,True,False
TITAN,UP,UP,True,STALL,False,False
TITAN,UP,DOWN,False,REVERSE,False,True
TITAN,DOWN,UP,False,FOLLOW_THROUGH,True,False
TITAN,UP,UP,True,REVERSE,False,True
TITAN,UP,UP,True,FOLLOW_THROUGH,True,False
TITAN,UP,DOWN,False,FOLLOW_THROUGH,True,False
TITAN,UP,DOWN,False,FOLLOW_THROUGH,True,False
TITAN,UP,UP,True,REVERSE,False,True
TITAN,UP,UP,True,FOLLOW_THROUGH,True,False
TITAN,UP,UP,True,FOLLOW_THROUGH,True,False
TITAN,UP,UP,True,STALL,False,False
TITAN,UP,DOWN,False,FOLLOW_THROUGH,True,False
TITAN,UP,DOWN,False,FOLLOW_THROUGH,True,False
TITAN,DOWN,UP,False,FOLLOW_THROUGH,True,False
TITAN,UP,UP,True,FOLLOW_THROUGH,True,False
TITAN,UP,UP,True,FOLLOW_THROUGH,True,False
TITAN,UP,UP,True,FOLLOW_THROUGH,True,False
TITAN,UP,UP,True,FOLLOW_THROUGH,True,False
TITAN,DOWN,UP,False,FOLLOW_THROUGH,True,False
TITAN,DOWN,DOWN,True,FOLLOW_THROUGH,True,False
TITAN,DOWN,DOWN,True,FOLLOW_THROUGH,True,False
TITAN,DOWN,DOWN,True,FOLLOW_THROUGH,True,False
TITAN,DOWN,UP,False,STALL,False,False
TITAN,UP,DOWN,False,FOLLOW_THROUGH,True,False
TITAN,UP,UP,True,FOLLOW_THROUGH,True,False
TITAN,DOWN,DOWN,True,REVERSE,False,True
TITAN,DOWN,DOWN,True,FOLLOW_THROUGH,True,False
TITAN,UP,UP,True,FOLLOW_THROUGH,True,False
TITAN,DOWN,DOWN,True,REVERSE,False,True
TITAN,DOWN,UP,False,STALL,False,False
TITAN,DOWN,DOWN,True,FOLLOW_THROUGH,True,False
TITAN,DOWN,DOWN,True,FOLLOW_THROUGH,True,False
TITAN,UP,UP,True,FOLLOW_THROUGH,True,False
TITAN,UP,DOWN,False,FOLLOW_THROUGH,True,False
TITAN,UP,DOWN,False,REVERSE,False,True
TITAN,UP,DOWN,False,FOLLOW_THROUGH,True,False
TITAN,DOWN,DOWN,True,FOLLOW_THROUGH,True,False
TITAN,DOWN,UP,False,FOLLOW_THROUGH,True,False
TITAN,DOWN,DOWN,True,FOLLOW_THROUGH,True,False
TITAN,UP,DOWN,False,STALL,False,False
TITAN,UP,UP,True,STALL,False,False
TITAN,DOWN,UP,False,FOLLOW_THROUGH,True,False
TITAN,UP,DOWN,False,FOLLOW_THROUGH,True,False
TITAN,UP,UP,True,FOLLOW_THROUGH,True,False
TITAN,DOWN,UP,False,FOLLOW_THROUGH,True,False
TITAN,UP,UP,True,FOLLOW_THROUGH,True,False
TITAN,UP,DOWN,False,STALL,False,False
TITAN,UP,UP,True,FOLLOW_THROUGH,True,False
TITAN,UP,UP,True,FOLLOW_THROUGH,True,False
TITAN,UP,UP,True,REVERSE,False,True
TITAN,DOWN,UP,False,FOLLOW_THROUGH,True,False
TITAN,DOWN,UP,False,FOLLOW_THROUGH,True,False
TITAN,UP,UP,True,FOLLOW_THROUGH,True,False
TITAN,UP,UP,True,FOLLOW_THROUGH,True,False
TITAN,UP,UP,True,FOLLOW_THROUGH,True,False
TITAN,DOWN,DOWN,True,FOLLOW_THROUGH,True,False
TITAN,UP,DOWN,False,STALL,False,False
TITAN,UP,DOWN,False,STALL,False,False
TITAN,DOWN,DOWN,True,STALL,False,False
TITAN,DOWN,DOWN,True,STALL,False,False
TITAN,UP,UP,True,STALL,False,False
TITAN,DOWN,UP,False,REVERSE,False,True
TITAN,DOWN,DOWN,True,REVERSE,False,True
TITAN,DOWN,DOWN,True,FOLLOW_THROUGH,True,False
TITAN,DOWN,DOWN,True,FOLLOW_THROUGH,True,False
TITAN,UP,DOWN,False,FOLLOW_THROUGH,True,False
TITAN,UP,DOWN,False,STALL,False,False
TITAN,UP,UP,True,STALL,False,False
TITAN,DOWN,DOWN,True,REVERSE,False,True
TITAN,UP,DOWN,False,FOLLOW_THROUGH,True,False
TITAN,UP,DOWN,False,STALL,False,False
TITAN,UP,DOWN,False,FOLLOW_THROUGH,True,False
TITAN,DOWN,DOWN,True,FOLLOW_THROUGH,True,False
ASIANPAINT,UP,,False,NEITHER,False,False
ASIANPAINT,DOWN,DOWN,True,REVERSE,False,True
ASIANPAINT,UP,DOWN,False,FOLLOW_THROUGH,True,False
ASIANPAINT,DOWN,UP,False,FOLLOW_THROUGH,True,False
ASIANPAINT,DOWN,UP,False,FOLLOW_THROUGH,True,False
ASIANPAINT,DOWN,UP,False,FOLLOW_THROUGH,True,False
ASIANPAINT,UP,DOWN,False,FOLLOW_THROUGH,True,False
ASIANPAINT,UP,DOWN,False,REVERSE,False,True
ASIANPAINT,DOWN,DOWN,True,STALL,False,False
ASIANPAINT,UP,DOWN,False,FOLLOW_THROUGH,True,False
ASIANPAINT,UP,UP,True,REVERSE,False,True
ASIANPAINT,DOWN,UP,False,STALL,False,False
ASIANPAINT,UP,DOWN,False,STALL,False,False
ASIANPAINT,DOWN,UP,False,FOLLOW_THROUGH,True,False
ASIANPAINT,UP,UP,True,FOLLOW_THROUGH,True,False
ASIANPAINT,UP,DOWN,False,FOLLOW_THROUGH,True,False
ASIANPAINT,DOWN,UP,False,FOLLOW_THROUGH,True,False
ASIANPAINT,UP,UP,True,STALL,False,False
ASIANPAINT,UP,UP,True,FOLLOW_THROUGH,True,False
ASIANPAINT,UP,UP,True,FOLLOW_THROUGH,True,False
ASIANPAINT,DOWN,UP,False,FOLLOW_THROUGH,True,False
ASIANPAINT,DOWN,UP,False,REVERSE,False,True
ASIANPAINT,DOWN,UP,False,FOLLOW_THROUGH,True,False
ASIANPAINT,UP,DOWN,False,STALL,False,False
ASIANPAINT,UP,DOWN,False,STALL,False,False
ASIANPAINT,UP,DOWN,False,FOLLOW_THROUGH,True,False
ASIANPAINT,UP,UP,True,STALL,False,False
ASIANPAINT,DOWN,DOWN,True,FOLLOW_THROUGH,True,False
ASIANPAINT,DOWN,UP,False,FOLLOW_THROUGH,True,False
ASIANPAINT,UP,DOWN,False,FOLLOW_THROUGH,True,False
ASIANPAINT,UP,DOWN,False,FOLLOW_THROUGH,True,False
ASIANPAINT,DOWN,UP,False,STALL,False,False
ASIANPAINT,UP,DOWN,False,REVERSE,False,True
ASIANPAINT,UP,UP,True,FOLLOW_THROUGH,True,False
ASIANPAINT,UP,UP,True,FOLLOW_THROUGH,True,False
ASIANPAINT,DOWN,UP,False,REVERSE,False,True
ASIANPAINT,DOWN,UP,False,FOLLOW_THROUGH,True,False
ASIANPAINT,UP,UP,True,STALL,False,False
ASIANPAINT,DOWN,DOWN,True,STALL,False,False
ASIANPAINT,UP,UP,True,FOLLOW_THROUGH,True,False
ASIANPAINT,DOWN,DOWN,True,REVERSE,False,True
ASIANPAINT,DOWN,DOWN,True,STALL,False,False
ASIANPAINT,UP,DOWN,False,STALL,False,False
ASIANPAINT,UP,UP,True,STALL,False,False
ASIANPAINT,DOWN,UP,False,FOLLOW_THROUGH,True,False
ASIANPAINT,DOWN,UP,False,FOLLOW_THROUGH,True,False
ASIANPAINT,UP,UP,True,FOLLOW_THROUGH,True,False
ASIANPAINT,DOWN,DOWN,True,REVERSE,False,True
ASIANPAINT,DOWN,DOWN,True,FOLLOW_THROUGH,True,False
ASIANPAINT,DOWN,UP,False,FOLLOW_THROUGH,True,False
ASIANPAINT,UP,DOWN,False,FOLLOW_THROUGH,True,False
ASIANPAINT,UP,DOWN,False,STALL,False,False
ASIANPAINT,UP,DOWN,False,STALL,False,False
ASIANPAINT,UP,UP,True,FOLLOW_THROUGH,True,False
ASIANPAINT,UP,DOWN,False,STALL,False,False
ASIANPAINT,DOWN,DOWN,True,STALL,False,False
ASIANPAINT,DOWN,DOWN,True,FOLLOW_THROUGH,True,False
ASIANPAINT,DOWN,DOWN,True,FOLLOW_THROUGH,True,False
ASIANPAINT,DOWN,,False,NEITHER,False,False
ASIANPAINT,DOWN,UP,False,REVERSE,False,True
ASIANPAINT,DOWN,DOWN,True,STALL,False,False
ASIANPAINT,DOWN,UP,False,FOLLOW_THROUGH,True,False
ASIANPAINT,UP,DOWN,False,FOLLOW_THROUGH,True,False
ASIANPAINT,UP,UP,True,FOLLOW_THROUGH,True,False
ASIANPAINT,UP,DOWN,False,FOLLOW_THROUGH,True,False
ASIANPAINT,DOWN,DOWN,True,REVERSE,False,True
ASIANPAINT,UP,DOWN,False,FOLLOW_THROUGH,True,False
ASIANPAINT,DOWN,DOWN,True,FOLLOW_THROUGH,True,False
ASIANPAINT,DOWN,UP,False,FOLLOW_THROUGH,True,False
ASIANPAINT,DOWN,UP,False,STALL,False,False
ASIANPAINT,UP,DOWN,False,REVERSE,False,True
ASIANPAINT,UP,UP,True,FOLLOW_THROUGH,True,False
ASIANPAINT,UP,DOWN,False,STALL,False,False
ASIANPAINT,DOWN,UP,False,FOLLOW_THROUGH,True,False
ASIANPAINT,UP,DOWN,False,FOLLOW_THROUGH,True,False
ASIANPAINT,UP,DOWN,False,FOLLOW_THROUGH,True,False
ASIANPAINT,DOWN,DOWN,True,FOLLOW_THROUGH,True,False
ASIANPAINT,DOWN,UP,False,FOLLOW_THROUGH,True,False
ASIANPAINT,DOWN,UP,False,REVERSE,False,True
ASIANPAINT,DOWN,DOWN,True,FOLLOW_THROUGH,True,False
ASIANPAINT,DOWN,DOWN,True,REVERSE,False,True
ASIANPAINT,UP,UP,True,REVERSE,False,True
ASIANPAINT,UP,DOWN,False,FOLLOW_THROUGH,True,False
ASIANPAINT,UP,DOWN,False,FOLLOW_THROUGH,True,False
JSWSTEEL,UP,DOWN,False,STALL,False,False
JSWSTEEL,UP,DOWN,False,FOLLOW_THROUGH,True,False
JSWSTEEL,DOWN,UP,False,REVERSE,False,True
JSWSTEEL,DOWN,UP,False,FOLLOW_THROUGH,True,False
JSWSTEEL,UP,UP,True,FOLLOW_THROUGH,True,False
JSWSTEEL,UP,DOWN,False,REVERSE,False,True
JSWSTEEL,UP,UP,True,STALL,False,False
JSWSTEEL,UP,UP,True,FOLLOW_THROUGH,True,False
JSWSTEEL,UP,DOWN,False,STALL,False,False
JSWSTEEL,UP,UP,True,STALL,False,False
JSWSTEEL,UP,UP,True,FOLLOW_THROUGH,True,False
JSWSTEEL,UP,UP,True,FOLLOW_THROUGH,True,False
JSWSTEEL,DOWN,DOWN,True,REVERSE,False,True
JSWSTEEL,UP,UP,True,REVERSE,False,True
JSWSTEEL,DOWN,DOWN,True,STALL,False,False
JSWSTEEL,DOWN,DOWN,True,REVERSE,False,True
JSWSTEEL,UP,DOWN,False,STALL,False,False
JSWSTEEL,DOWN,DOWN,True,STALL,False,False
JSWSTEEL,UP,DOWN,False,FOLLOW_THROUGH,True,False
JSWSTEEL,DOWN,DOWN,True,FOLLOW_THROUGH,True,False
JSWSTEEL,UP,DOWN,False,REVERSE,False,True
JSWSTEEL,UP,DOWN,False,FOLLOW_THROUGH,True,False
JSWSTEEL,UP,UP,True,FOLLOW_THROUGH,True,False
JSWSTEEL,DOWN,DOWN,True,FOLLOW_THROUGH,True,False
JSWSTEEL,DOWN,DOWN,True,FOLLOW_THROUGH,True,False
JSWSTEEL,DOWN,DOWN,True,FOLLOW_THROUGH,True,False
JSWSTEEL,DOWN,UP,False,STALL,False,False
JSWSTEEL,DOWN,DOWN,True,FOLLOW_THROUGH,True,False
JSWSTEEL,UP,DOWN,False,FOLLOW_THROUGH,True,False
JSWSTEEL,DOWN,DOWN,True,STALL,False,False
JSWSTEEL,DOWN,DOWN,True,FOLLOW_THROUGH,True,False
JSWSTEEL,DOWN,UP,False,FOLLOW_THROUGH,True,False
JSWSTEEL,UP,UP,True,FOLLOW_THROUGH,True,False
JSWSTEEL,UP,DOWN,False,FOLLOW_THROUGH,True,False
JSWSTEEL,DOWN,UP,False,STALL,False,False
JSWSTEEL,DOWN,UP,False,REVERSE,False,True
JSWSTEEL,UP,DOWN,False,STALL,False,False
JSWSTEEL,UP,DOWN,False,FOLLOW_THROUGH,True,False
JSWSTEEL,DOWN,DOWN,True,FOLLOW_THROUGH,True,False
JSWSTEEL,DOWN,UP,False,FOLLOW_THROUGH,True,False
JSWSTEEL,UP,DOWN,False,FOLLOW_THROUGH,True,False
JSWSTEEL,DOWN,UP,False,REVERSE,False,True
JSWSTEEL,UP,UP,True,FOLLOW_THROUGH,True,False
JSWSTEEL,DOWN,UP,False,FOLLOW_THROUGH,True,False
JSWSTEEL,DOWN,DOWN,True,FOLLOW_THROUGH,True,False
JSWSTEEL,UP,UP,True,STALL,False,False
JSWSTEEL,UP,DOWN,False,STALL,False,False
JSWSTEEL,DOWN,DOWN,True,FOLLOW_THROUGH,True,False
JSWSTEEL,UP,UP,True,STALL,False,False
JSWSTEEL,UP,DOWN,False,FOLLOW_THROUGH,True,False
JSWSTEEL,UP,DOWN,False,FOLLOW_THROUGH,True,False
JSWSTEEL,UP,UP,True,FOLLOW_THROUGH,True,False
JSWSTEEL,DOWN,UP,False,FOLLOW_THROUGH,True,False
JSWSTEEL,UP,DOWN,False,FOLLOW_THROUGH,True,False
JSWSTEEL,DOWN,UP,False,REVERSE,False,True
JSWSTEEL,UP,DOWN,False,STALL,False,False
JSWSTEEL,DOWN,UP,False,STALL,False,False
JSWSTEEL,UP,DOWN,False,FOLLOW_THROUGH,True,False
JSWSTEEL,DOWN,DOWN,True,REVERSE,False,True
JSWSTEEL,DOWN,DOWN,True,FOLLOW_THROUGH,True,False
JSWSTEEL,DOWN,DOWN,True,REVERSE,False,True
JSWSTEEL,UP,UP,True,FOLLOW_THROUGH,True,False
JSWSTEEL,DOWN,DOWN,True,FOLLOW_THROUGH,True,False
JSWSTEEL,DOWN,UP,False,STALL,False,False
JSWSTEEL,UP,DOWN,False,REVERSE,False,True
JSWSTEEL,DOWN,UP,False,STALL,False,False
JSWSTEEL,UP,UP,True,REVERSE,False,True
JSWSTEEL,UP,UP,True,FOLLOW_THROUGH,True,False
JSWSTEEL,UP,UP,True,STALL,False,False
JSWSTEEL,UP,UP,True,REVERSE,False,True
JSWSTEEL,UP,UP,True,FOLLOW_THROUGH,True,False
JSWSTEEL,UP,DOWN,False,FOLLOW_THROUGH,True,False
JSWSTEEL,UP,DOWN,False,STALL,False,False
JSWSTEEL,UP,DOWN,False,FOLLOW_THROUGH,True,False
JSWSTEEL,UP,DOWN,False,FOLLOW_THROUGH,True,False
JSWSTEEL,UP,UP,True,FOLLOW_THROUGH,True,False
JSWSTEEL,UP,UP,True,REVERSE,False,True
JSWSTEEL,UP,DOWN,False,FOLLOW_THROUGH,True,False
JSWSTEEL,DOWN,DOWN,True,REVERSE,False,True
JSWSTEEL,DOWN,UP,False,STALL,False,False
JSWSTEEL,DOWN,UP,False,STALL,False,False
JSWSTEEL,DOWN,UP,False,REVERSE,False,True
JSWSTEEL,DOWN,DOWN,True,STALL,False,False
JSWSTEEL,DOWN,DOWN,True,FOLLOW_THROUGH,True,False
JSWSTEEL,UP,UP,True,STALL,False,False
JSWSTEEL,DOWN,DOWN,True,FOLLOW_THROUGH,True,False
JSWSTEEL,DOWN,UP,False,REVERSE,False,True
JSWSTEEL,UP,DOWN,False,FOLLOW_THROUGH,True,False
HINDALCO,UP,UP,True,STALL,False,False
HINDALCO,DOWN,UP,False,STALL,False,False
HINDALCO,DOWN,UP,False,FOLLOW_THROUGH,True,False
HINDALCO,DOWN,UP,False,FOLLOW_THROUGH,True,False
HINDALCO,DOWN,DOWN,True,STALL,False,False
HINDALCO,DOWN,UP,False,STALL,False,False
HINDALCO,UP,DOWN,False,STALL,False,False
HINDALCO,UP,DOWN,False,FOLLOW_THROUGH,True,False
HINDALCO,DOWN,UP,False,FOLLOW_THROUGH,True,False
HINDALCO,DOWN,UP,False,FOLLOW_THROUGH,True,False
HINDALCO,UP,UP,True,STALL,False,False
HINDALCO,DOWN,UP,False,FOLLOW_THROUGH,True,False
HINDALCO,UP,DOWN,False,FOLLOW_THROUGH,True,False
HINDALCO,DOWN,DOWN,True,FOLLOW_THROUGH,True,False
HINDALCO,UP,UP,True,STALL,False,False
HINDALCO,DOWN,UP,False,FOLLOW_THROUGH,True,False
HINDALCO,UP,UP,True,STALL,False,False
HINDALCO,UP,UP,True,FOLLOW_THROUGH,True,False
HINDALCO,DOWN,DOWN,True,FOLLOW_THROUGH,True,False
HINDALCO,DOWN,DOWN,True,REVERSE,False,True
HINDALCO,DOWN,DOWN,True,REVERSE,False,True
HINDALCO,DOWN,DOWN,True,FOLLOW_THROUGH,True,False
HINDALCO,DOWN,UP,False,FOLLOW_THROUGH,True,False
HINDALCO,UP,UP,True,STALL,False,False
HINDALCO,UP,UP,True,FOLLOW_THROUGH,True,False
HINDALCO,UP,UP,True,FOLLOW_THROUGH,True,False
HINDALCO,UP,UP,True,FOLLOW_THROUGH,True,False
HINDALCO,DOWN,UP,False,STALL,False,False
HINDALCO,DOWN,UP,False,FOLLOW_THROUGH,True,False
HINDALCO,UP,UP,True,REVERSE,False,True
HINDALCO,UP,DOWN,False,FOLLOW_THROUGH,True,False
HINDALCO,DOWN,DOWN,True,FOLLOW_THROUGH,True,False
HINDALCO,DOWN,DOWN,True,STALL,False,False
HINDALCO,DOWN,UP,False,REVERSE,False,True
HINDALCO,UP,DOWN,False,FOLLOW_THROUGH,True,False
HINDALCO,UP,UP,True,REVERSE,False,True
HINDALCO,DOWN,UP,False,FOLLOW_THROUGH,True,False
HINDALCO,DOWN,UP,False,STALL,False,False
HINDALCO,DOWN,DOWN,True,FOLLOW_THROUGH,True,False
HINDALCO,DOWN,UP,False,FOLLOW_THROUGH,True,False
HINDALCO,DOWN,DOWN,True,FOLLOW_THROUGH,True,False
HINDALCO,UP,UP,True,FOLLOW_THROUGH,True,False
HINDALCO,UP,UP,True,FOLLOW_THROUGH,True,False
HINDALCO,DOWN,UP,False,STALL,False,False
HINDALCO,UP,DOWN,False,FOLLOW_THROUGH,True,False
HINDALCO,DOWN,UP,False,FOLLOW_THROUGH,True,False
HINDALCO,DOWN,DOWN,True,FOLLOW_THROUGH,True,False
HINDALCO,UP,UP,True,FOLLOW_THROUGH,True,False
HINDALCO,UP,DOWN,False,REVERSE,False,True
HINDALCO,UP,DOWN,False,REVERSE,False,True
HINDALCO,DOWN,DOWN,True,FOLLOW_THROUGH,True,False
HINDALCO,UP,DOWN,False,FOLLOW_THROUGH,True,False
HINDALCO,UP,DOWN,False,REVERSE,False,True
HINDALCO,DOWN,UP,False,REVERSE,False,True
HINDALCO,DOWN,UP,False,FOLLOW_THROUGH,True,False
HINDALCO,DOWN,UP,False,FOLLOW_THROUGH,True,False
HINDALCO,DOWN,DOWN,True,FOLLOW_THROUGH,True,False
HINDALCO,DOWN,UP,False,STALL,False,False
HINDALCO,UP,DOWN,False,FOLLOW_THROUGH,True,False
HINDALCO,UP,,False,NEITHER,False,False
HINDALCO,UP,UP,True,FOLLOW_THROUGH,True,False
HINDALCO,UP,DOWN,False,FOLLOW_THROUGH,True,False
HINDALCO,UP,UP,True,FOLLOW_THROUGH,True,False
HINDALCO,UP,UP,True,STALL,False,False
HINDALCO,DOWN,DOWN,True,FOLLOW_THROUGH,True,False
HINDALCO,DOWN,UP,False,FOLLOW_THROUGH,True,False
HINDALCO,UP,DOWN,False,FOLLOW_THROUGH,True,False
HINDALCO,DOWN,UP,False,FOLLOW_THROUGH,True,False
HINDALCO,UP,DOWN,False,FOLLOW_THROUGH,True,False
HINDALCO,UP,DOWN,False,REVERSE,False,True
HINDALCO,DOWN,UP,False,FOLLOW_THROUGH,True,False
HINDALCO,DOWN,UP,False,FOLLOW_THROUGH,True,False
HINDALCO,UP,DOWN,False,FOLLOW_THROUGH,True,False
HINDALCO,UP,DOWN,False,FOLLOW_THROUGH,True,False
HINDALCO,UP,UP,True,FOLLOW_THROUGH,True,False
JINDALSTEL,DOWN,DOWN,True,REVERSE,False,True
JINDALSTEL,DOWN,DOWN,True,STALL,False,False
JINDALSTEL,DOWN,DOWN,True,REVERSE,False,True
JINDALSTEL,UP,DOWN,False,STALL,False,False
JINDALSTEL,UP,DOWN,False,STALL,False,False
JINDALSTEL,DOWN,DOWN,True,FOLLOW_THROUGH,True,False
JINDALSTEL,DOWN,UP,False,FOLLOW_THROUGH,True,False
JINDALSTEL,UP,DOWN,False,STALL,False,False
JINDALSTEL,DOWN,DOWN,True,FOLLOW_THROUGH,True,False
JINDALSTEL,DOWN,UP,False,FOLLOW_THROUGH,True,False
JINDALSTEL,UP,UP,True,FOLLOW_THROUGH,True,False
JINDALSTEL,DOWN,DOWN,True,STALL,False,False
JINDALSTEL,UP,DOWN,False,FOLLOW_THROUGH,True,False
JINDALSTEL,DOWN,UP,False,FOLLOW_THROUGH,True,False
JINDALSTEL,UP,DOWN,False,FOLLOW_THROUGH,True,False
JINDALSTEL,DOWN,DOWN,True,STALL,False,False
JINDALSTEL,DOWN,DOWN,True,FOLLOW_THROUGH,True,False
JINDALSTEL,UP,DOWN,False,FOLLOW_THROUGH,True,False
JINDALSTEL,DOWN,DOWN,True,FOLLOW_THROUGH,True,False
JINDALSTEL,DOWN,DOWN,True,FOLLOW_THROUGH,True,False
JINDALSTEL,DOWN,DOWN,True,STALL,False,False
JINDALSTEL,DOWN,DOWN,True,FOLLOW_THROUGH,True,False
JINDALSTEL,DOWN,UP,False,FOLLOW_THROUGH,True,False
JINDALSTEL,DOWN,DOWN,True,FOLLOW_THROUGH,True,False
JINDALSTEL,DOWN,UP,False,REVERSE,False,True
JINDALSTEL,UP,DOWN,False,FOLLOW_THROUGH,True,False
JINDALSTEL,UP,UP,True,FOLLOW_THROUGH,True,False
JINDALSTEL,DOWN,DOWN,True,FOLLOW_THROUGH,True,False
JINDALSTEL,DOWN,UP,False,FOLLOW_THROUGH,True,False
JINDALSTEL,DOWN,UP,False,STALL,False,False
JINDALSTEL,DOWN,DOWN,True,FOLLOW_THROUGH,True,False
JINDALSTEL,DOWN,UP,False,STALL,False,False
JINDALSTEL,DOWN,DOWN,True,FOLLOW_THROUGH,True,False
JINDALSTEL,DOWN,UP,False,STALL,False,False
JINDALSTEL,DOWN,UP,False,FOLLOW_THROUGH,True,False
JINDALSTEL,UP,UP,True,FOLLOW_THROUGH,True,False
JINDALSTEL,UP,UP,True,STALL,False,False
JINDALSTEL,DOWN,UP,False,REVERSE,False,True
JINDALSTEL,DOWN,UP,False,REVERSE,False,True
JINDALSTEL,UP,UP,True,FOLLOW_THROUGH,True,False
JINDALSTEL,UP,UP,True,FOLLOW_THROUGH,True,False
JINDALSTEL,DOWN,UP,False,REVERSE,False,True
JINDALSTEL,DOWN,DOWN,True,FOLLOW_THROUGH,True,False
JINDALSTEL,UP,UP,True,FOLLOW_THROUGH,True,False
JINDALSTEL,UP,UP,True,REVERSE,False,True
JINDALSTEL,UP,DOWN,False,STALL,False,False
JINDALSTEL,DOWN,DOWN,True,STALL,False,False
JINDALSTEL,DOWN,DOWN,True,FOLLOW_THROUGH,True,False
JINDALSTEL,UP,DOWN,False,REVERSE,False,True
JINDALSTEL,DOWN,DOWN,True,FOLLOW_THROUGH,True,False
JINDALSTEL,UP,UP,True,STALL,False,False
JINDALSTEL,UP,UP,True,FOLLOW_THROUGH,True,False
JINDALSTEL,DOWN,UP,False,FOLLOW_THROUGH,True,False
JINDALSTEL,DOWN,DOWN,True,REVERSE,False,True
JINDALSTEL,DOWN,DOWN,True,FOLLOW_THROUGH,True,False
JINDALSTEL,UP,DOWN,False,FOLLOW_THROUGH,True,False
JINDALSTEL,UP,DOWN,False,FOLLOW_THROUGH,True,False
JINDALSTEL,DOWN,UP,False,FOLLOW_THROUGH,True,False
JINDALSTEL,UP,UP,True,STALL,False,False
JINDALSTEL,UP,UP,True,REVERSE,False,True
JINDALSTEL,DOWN,UP,False,FOLLOW_THROUGH,True,False
JINDALSTEL,UP,UP,True,FOLLOW_THROUGH,True,False
JINDALSTEL,UP,UP,True,STALL,False,False
JINDALSTEL,UP,UP,True,FOLLOW_THROUGH,True,False
JINDALSTEL,UP,UP,True,STALL,False,False
JINDALSTEL,UP,UP,True,STALL,False,False
JINDALSTEL,DOWN,UP,False,STALL,False,False
JINDALSTEL,DOWN,DOWN,True,FOLLOW_THROUGH,True,False
JINDALSTEL,DOWN,UP,False,FOLLOW_THROUGH,True,False
JINDALSTEL,DOWN,UP,False,STALL,False,False
JINDALSTEL,DOWN,UP,False,REVERSE,False,True
JINDALSTEL,DOWN,DOWN,True,FOLLOW_THROUGH,True,False
JINDALSTEL,UP,UP,True,REVERSE,False,True
JINDALSTEL,DOWN,DOWN,True,FOLLOW_THROUGH,True,False
JINDALSTEL,UP,UP,True,STALL,False,False
JINDALSTEL,UP,UP,True,FOLLOW_THROUGH,True,False
JINDALSTEL,UP,UP,True,STALL,False,False
JINDALSTEL,UP,,False,NEITHER,False,False
JINDALSTEL,DOWN,DOWN,True,REVERSE,False,True
JINDALSTEL,UP,DOWN,False,STALL,False,False
JINDALSTEL,UP,DOWN,False,FOLLOW_THROUGH,True,False
JINDALSTEL,DOWN,UP,False,FOLLOW_THROUGH,True,False
JINDALSTEL,DOWN,DOWN,True,REVERSE,False,True
JINDALSTEL,UP,DOWN,False,FOLLOW_THROUGH,True,False
JINDALSTEL,UP,UP,True,STALL,False,False
JINDALSTEL,DOWN,UP,False,FOLLOW_THROUGH,True,False
JINDALSTEL,DOWN,DOWN,True,STALL,False,False
JINDALSTEL,DOWN,UP,False,FOLLOW_THROUGH,True,False
JINDALSTEL,DOWN,UP,False,REVERSE,False,True
LT,UP,DOWN,False,FOLLOW_THROUGH,True,False
LT,UP,UP,True,FOLLOW_THROUGH,True,False
LT,DOWN,UP,False,FOLLOW_THROUGH,True,False
LT,DOWN,DOWN,True,REVERSE,False,True
LT,UP,DOWN,False,STALL,False,False
LT,DOWN,UP,False,FOLLOW_THROUGH,True,False
LT,UP,UP,True,REVERSE,False,True
LT,DOWN,UP,False,FOLLOW_THROUGH,True,False
LT,UP,DOWN,False,FOLLOW_THROUGH,True,False
LT,UP,DOWN,False,REVERSE,False,True
LT,UP,DOWN,False,FOLLOW_THROUGH,True,False
LT,UP,DOWN,False,FOLLOW_THROUGH,True,False
LT,UP,DOWN,False,FOLLOW_THROUGH,True,False
LT,UP,DOWN,False,FOLLOW_THROUGH,True,False
LT,DOWN,UP,False,STALL,False,False
LT,DOWN,UP,False,FOLLOW_THROUGH,True,False
LT,DOWN,UP,False,FOLLOW_THROUGH,True,False
LT,DOWN,DOWN,True,REVERSE,False,True
LT,DOWN,DOWN,True,FOLLOW_THROUGH,True,False
LT,UP,UP,True,STALL,False,False
LT,DOWN,DOWN,True,FOLLOW_THROUGH,True,False
LT,UP,UP,True,FOLLOW_THROUGH,True,False
LT,UP,UP,True,REVERSE,False,True
LT,DOWN,UP,False,STALL,False,False
LT,DOWN,DOWN,True,FOLLOW_THROUGH,True,False
LT,DOWN,DOWN,True,FOLLOW_THROUGH,True,False
LT,UP,UP,True,REVERSE,False,True
LT,UP,UP,True,STALL,False,False
LT,DOWN,DOWN,True,STALL,False,False
LT,UP,DOWN,False,FOLLOW_THROUGH,True,False
LT,UP,UP,True,FOLLOW_THROUGH,True,False
LT,UP,UP,True,STALL,False,False
LT,DOWN,DOWN,True,FOLLOW_THROUGH,True,False
LT,DOWN,UP,False,REVERSE,False,True
LT,UP,UP,True,STALL,False,False
LT,UP,UP,True,FOLLOW_THROUGH,True,False
LT,UP,DOWN,False,FOLLOW_THROUGH,True,False
LT,DOWN,UP,False,FOLLOW_THROUGH,True,False
LT,DOWN,DOWN,True,FOLLOW_THROUGH,True,False
LT,UP,UP,True,FOLLOW_THROUGH,True,False
LT,DOWN,UP,False,REVERSE,False,True
LT,DOWN,UP,False,FOLLOW_THROUGH,True,False
LT,DOWN,DOWN,True,FOLLOW_THROUGH,True,False
LT,DOWN,UP,False,FOLLOW_THROUGH,True,False
LT,UP,UP,True,STALL,False,False
LT,UP,DOWN,False,STALL,False,False
LT,UP,DOWN,False,REVERSE,False,True
LT,UP,UP,True,REVERSE,False,True
LT,UP,UP,True,STALL,False,False
LT,DOWN,UP,False,STALL,False,False
LT,UP,UP,True,FOLLOW_THROUGH,True,False
LT,DOWN,UP,False,STALL,False,False
LT,DOWN,UP,False,STALL,False,False
LT,UP,DOWN,False,STALL,False,False
LT,DOWN,DOWN,True,STALL,False,False
LT,UP,DOWN,False,STALL,False,False
LT,DOWN,UP,False,STALL,False,False
LT,UP,DOWN,False,REVERSE,False,True
LT,DOWN,DOWN,True,FOLLOW_THROUGH,True,False
LT,DOWN,DOWN,True,STALL,False,False
LT,UP,DOWN,False,FOLLOW_THROUGH,True,False
LT,UP,UP,True,FOLLOW_THROUGH,True,False
LT,DOWN,UP,False,STALL,False,False
LT,DOWN,UP,False,FOLLOW_THROUGH,True,False
LT,DOWN,UP,False,REVERSE,False,True
LT,DOWN,UP,False,FOLLOW_THROUGH,True,False
LT,DOWN,UP,False,FOLLOW_THROUGH,True,False
LT,UP,UP,True,FOLLOW_THROUGH,True,False
LT,DOWN,DOWN,True,FOLLOW_THROUGH,True,False
LT,DOWN,DOWN,True,FOLLOW_THROUGH,True,False
LT,DOWN,UP,False,FOLLOW_THROUGH,True,False
LT,DOWN,UP,False,REVERSE,False,True
LT,UP,UP,True,FOLLOW_THROUGH,True,False
LT,DOWN,UP,False,STALL,False,False
LT,DOWN,DOWN,True,REVERSE,False,True
LT,UP,DOWN,False,FOLLOW_THROUGH,True,False
LT,DOWN,UP,False,FOLLOW_THROUGH,True,False
LT,UP,UP,True,FOLLOW_THROUGH,True,False
LT,DOWN,UP,False,FOLLOW_THROUGH,True,False
LT,UP,DOWN,False,FOLLOW_THROUGH,True,False
LT,UP,UP,True,REVERSE,False,True
LT,UP,DOWN,False,FOLLOW_THROUGH,True,False
LT,UP,UP,True,REVERSE,False,True
LT,UP,DOWN,False,STALL,False,False
LT,DOWN,UP,False,STALL,False,False
LT,DOWN,UP,False,FOLLOW_THROUGH,True,False
LT,UP,,False,NEITHER,False,False
LT,DOWN,UP,False,STALL,False,False
LT,UP,UP,True,STALL,False,False
LT,UP,DOWN,False,STALL,False,False
LT,DOWN,UP,False,FOLLOW_THROUGH,True,False
LT,DOWN,DOWN,True,REVERSE,False,True
LT,UP,UP,True,REVERSE,False,True
LT,UP,DOWN,False,FOLLOW_THROUGH,True,False
LT,UP,DOWN,False,STALL,False,False
ADANIPORTS,DOWN,DOWN,True,FOLLOW_THROUGH,True,False
ADANIPORTS,UP,DOWN,False,FOLLOW_THROUGH,True,False
ADANIPORTS,UP,UP,True,FOLLOW_THROUGH,True,False
ADANIPORTS,UP,DOWN,False,STALL,False,False
ADANIPORTS,DOWN,UP,False,REVERSE,False,True
ADANIPORTS,UP,DOWN,False,FOLLOW_THROUGH,True,False
ADANIPORTS,DOWN,UP,False,FOLLOW_THROUGH,True,False
ADANIPORTS,DOWN,UP,False,FOLLOW_THROUGH,True,False
ADANIPORTS,UP,UP,True,FOLLOW_THROUGH,True,False
ADANIPORTS,DOWN,UP,False,REVERSE,False,True
ADANIPORTS,UP,UP,True,STALL,False,False
ADANIPORTS,UP,UP,True,FOLLOW_THROUGH,True,False
ADANIPORTS,DOWN,UP,False,FOLLOW_THROUGH,True,False
ADANIPORTS,DOWN,DOWN,True,FOLLOW_THROUGH,True,False
ADANIPORTS,UP,DOWN,False,REVERSE,False,True
ADANIPORTS,UP,DOWN,False,FOLLOW_THROUGH,True,False
ADANIPORTS,DOWN,DOWN,True,FOLLOW_THROUGH,True,False
ADANIPORTS,DOWN,UP,False,FOLLOW_THROUGH,True,False
ADANIPORTS,UP,UP,True,REVERSE,False,True
ADANIPORTS,UP,DOWN,False,FOLLOW_THROUGH,True,False
ADANIPORTS,UP,UP,True,FOLLOW_THROUGH,True,False
ADANIPORTS,UP,DOWN,False,FOLLOW_THROUGH,True,False
ADANIPORTS,DOWN,UP,False,FOLLOW_THROUGH,True,False
ADANIPORTS,UP,DOWN,False,FOLLOW_THROUGH,True,False
ADANIPORTS,UP,DOWN,False,FOLLOW_THROUGH,True,False
ADANIPORTS,UP,DOWN,False,FOLLOW_THROUGH,True,False
ADANIPORTS,DOWN,DOWN,True,FOLLOW_THROUGH,True,False
ADANIPORTS,UP,UP,True,FOLLOW_THROUGH,True,False
ADANIPORTS,DOWN,DOWN,True,FOLLOW_THROUGH,True,False
ADANIPORTS,UP,UP,True,REVERSE,False,True
ADANIPORTS,DOWN,DOWN,True,FOLLOW_THROUGH,True,False
ADANIPORTS,DOWN,DOWN,True,FOLLOW_THROUGH,True,False
ADANIPORTS,DOWN,UP,False,FOLLOW_THROUGH,True,False
ADANIPORTS,DOWN,DOWN,True,FOLLOW_THROUGH,True,False
ADANIPORTS,UP,DOWN,False,FOLLOW_THROUGH,True,False
ADANIPORTS,DOWN,UP,False,FOLLOW_THROUGH,True,False
ADANIPORTS,UP,DOWN,False,FOLLOW_THROUGH,True,False
ADANIPORTS,UP,DOWN,False,REVERSE,False,True
ADANIPORTS,DOWN,DOWN,True,STALL,False,False
ADANIPORTS,UP,DOWN,False,FOLLOW_THROUGH,True,False
ADANIPORTS,DOWN,DOWN,True,FOLLOW_THROUGH,True,False
ADANIPORTS,UP,DOWN,False,FOLLOW_THROUGH,True,False
ADANIPORTS,UP,DOWN,False,STALL,False,False
ADANIPORTS,UP,DOWN,False,FOLLOW_THROUGH,True,False
ADANIPORTS,DOWN,UP,False,STALL,False,False
ADANIPORTS,UP,DOWN,False,FOLLOW_THROUGH,True,False
ADANIPORTS,UP,UP,True,FOLLOW_THROUGH,True,False
ADANIPORTS,UP,DOWN,False,REVERSE,False,True
ADANIPORTS,DOWN,UP,False,STALL,False,False
ADANIPORTS,UP,UP,True,REVERSE,False,True
ADANIPORTS,UP,DOWN,False,REVERSE,False,True
ADANIPORTS,DOWN,UP,False,FOLLOW_THROUGH,True,False
ADANIPORTS,DOWN,DOWN,True,STALL,False,False
ADANIPORTS,DOWN,DOWN,True,REVERSE,False,True
ADANIPORTS,DOWN,DOWN,True,FOLLOW_THROUGH,True,False
ADANIPORTS,UP,UP,True,FOLLOW_THROUGH,True,False
ADANIPORTS,DOWN,DOWN,True,FOLLOW_THROUGH,True,False
ADANIPORTS,DOWN,DOWN,True,STALL,False,False
ADANIPORTS,UP,DOWN,False,FOLLOW_THROUGH,True,False
ADANIPORTS,DOWN,DOWN,True,FOLLOW_THROUGH,True,False
ADANIPORTS,UP,UP,True,FOLLOW_THROUGH,True,False
ADANIPORTS,UP,DOWN,False,STALL,False,False
ADANIPORTS,UP,DOWN,False,FOLLOW_THROUGH,True,False
ADANIPORTS,DOWN,DOWN,True,FOLLOW_THROUGH,True,False
ADANIPORTS,DOWN,UP,False,STALL,False,False
ADANIPORTS,DOWN,UP,False,REVERSE,False,True
ADANIPORTS,DOWN,DOWN,True,FOLLOW_THROUGH,True,False
ADANIPORTS,UP,DOWN,False,REVERSE,False,True
ADANIPORTS,DOWN,UP,False,REVERSE,False,True
ADANIPORTS,UP,UP,True,FOLLOW_THROUGH,True,False
ADANIPORTS,UP,DOWN,False,FOLLOW_THROUGH,True,False
ADANIPORTS,DOWN,DOWN,True,STALL,False,False
ADANIPORTS,UP,UP,True,FOLLOW_THROUGH,True,False
ADANIPORTS,UP,DOWN,False,FOLLOW_THROUGH,True,False
ADANIPORTS,UP,UP,True,FOLLOW_THROUGH,True,False
ADANIPORTS,UP,DOWN,False,REVERSE,False,True
ADANIPORTS,DOWN,UP,False,FOLLOW_THROUGH,True,False
ADANIPORTS,UP,DOWN,False,REVERSE,False,True
ADANIPORTS,UP,UP,True,REVERSE,False,True
ADANIPORTS,UP,DOWN,False,FOLLOW_THROUGH,True,False
