label,exit_strategy,exit_params,entry_filters,vol_multiplier,ath_lookback,vol_avg_period,total_trades,winners,losers,win_rate,avg_return_pct,avg_winner_pct,avg_loser_pct,max_return_pct,max_loss_pct,profit_factor,expectancy,total_pnl,final_capital,total_return_pct,avg_hold_days,median_return_pct,exit_breakdown
A_RSI50_FIX_T30_SL15,fixed_target,"T=30%,SL=15%",RSI>50,2.5,10,30,233,125,108,53.6,10.08,32.99,-16.44,49.96,-30.03,2.22,10.08,21669587,31669587,216.7,82.6,30.08,end_of_data=12; stop_loss=102; target_hit=119
A_RSI55_FIX_T30_SL15,fixed_target,"T=30%,SL=15%",RSI>55,2.5,10,30,233,125,108,53.6,10.08,32.99,-16.44,49.96,-30.03,2.22,10.08,21669587,31669587,216.7,82.6,30.08,end_of_data=12; stop_loss=102; target_hit=119
A_RSI60_FIX_T30_SL15,fixed_target,"T=30%,SL=15%",RSI>60,2.5,10,30,233,125,108,53.6,10.08,32.99,-16.44,49.96,-30.03,2.22,10.08,21669587,31669587,216.7,82.6,30.08,end_of_data=12; stop_loss=102; target_hit=119
A_RSI50_FIX_T15_SL7,fixed_target,"T=15%,SL=7%",RSI>50,2.5,10,30,233,113,120,48.5,4.18,17.87,-8.71,27.87,-14.53,1.92,4.18,6177942,16177941,61.78,27.0,-7.04,end_of_data=5; stop_loss=119; target_hit=109
A_RSI55_FIX_T15_SL7,fixed_target,"T=15%,SL=7%",RSI>55,2.5,10,30,233,113,120,48.5,4.18,17.87,-8.71,27.87,-14.53,1.92,4.18,6177942,16177941,61.78,27.0,-7.04,end_of_data=5; stop_loss=119; target_hit=109
A_RSI60_FIX_T15_SL7,fixed_target,"T=15%,SL=7%",RSI>60,2.5,10,30,233,113,120,48.5,4.18,17.87,-8.71,27.87,-14.53,1.92,4.18,6177942,16177941,61.78,27.0,-7.04,end_of_data=5; stop_loss=119; target_hit=109
A_RSI50_FIX_T20_SL10,fixed_target,"T=20%,SL=10%",RSI>50,2.5,10,30,233,116,117,49.8,5.89,23.56,-11.63,43.92,-21.83,1.94,5.89,9649129,19649129,96.49,40.6,-1.38,end_of_data=8; stop_loss=114; target_hit=111
A_RSI55_FIX_T20_SL10,fixed_target,"T=20%,SL=10%",RSI>55,2.5,10,30,233,116,117,49.8,5.89,23.56,-11.63,43.92,-21.83,1.94,5.89,9649129,19649129,96.49,40.6,-1.38,end_of_data=8; stop_loss=114; target_hit=111
A_RSI60_FIX_T20_SL10,fixed_target,"T=20%,SL=10%",RSI>60,2.5,10,30,233,116,117,49.8,5.89,23.56,-11.63,43.92,-21.83,1.94,5.89,9649129,19649129,96.49,40.6,-1.38,end_of_data=8; stop_loss=114; target_hit=111
A_RSI7p50_FIX_T30_SL15,fixed_target,"T=30%,SL=15%",RSI(7)>50,2.5,10,30,233,125,108,53.6,10.08,32.99,-16.44,49.96,-30.03,2.22,10.08,21669587,31669587,216.7,82.6,30.08,end_of_data=12; stop_loss=102; target_hit=119
A_RSI10p50_FIX_T30_SL15,fixed_target,"T=30%,SL=15%",RSI(10)>50,2.5,10,30,192,100,92,52.1,9.24,32.71,-16.26,49.96,-30.03,2.11,9.24,13871169,23871169,138.71,83.7,6.63,end_of_data=12; stop_loss=86; target_hit=94
A_RSI7p55_FIX_T30_SL15,fixed_target,"T=30%,SL=15%",RSI(7)>55,2.5,10,30,226,120,106,53.1,9.83,32.98,-16.38,49.96,-30.03,2.18,9.83,19749342,29749342,197.49,84.1,30.02,end_of_data=12; stop_loss=100; target_hit=114
A_RSI10p55_FIX_T30_SL15,fixed_target,"T=30%,SL=15%",RSI(10)>55,2.5,10,30,191,100,91,52.4,9.39,32.71,-16.24,49.96,-30.03,2.15,9.39,14091958,24091958,140.92,84.1,6.94,end_of_data=12; stop_loss=85; target_hit=94
A_RSI7p60_FIX_T30_SL15,fixed_target,"T=30%,SL=15%",RSI(7)>60,2.5,10,30,226,120,106,53.1,9.83,32.98,-16.38,49.96,-30.03,2.18,9.83,19749342,29749342,197.49,84.1,30.02,end_of_data=12; stop_loss=100; target_hit=114
A_RSI10p60_FIX_T30_SL15,fixed_target,"T=30%,SL=15%",RSI(10)>60,2.5,10,30,191,100,91,52.4,9.39,32.71,-16.24,49.96,-30.03,2.15,9.39,14091958,24091958,140.92,84.1,6.94,end_of_data=12; stop_loss=85; target_hit=94
A_RSI7p65_FIX_T30_SL15,fixed_target,"T=30%,SL=15%",RSI(7)>65,2.5,10,30,226,120,106,53.1,9.83,32.98,-16.38,49.96,-30.03,2.18,9.83,19749342,29749342,197.49,84.1,30.02,end_of_data=12; stop_loss=100; target_hit=114
A_RSI10p65_FIX_T30_SL15,fixed_target,"T=30%,SL=15%",RSI(10)>65,2.5,10,30,191,100,91,52.4,9.39,32.71,-16.24,49.96,-30.03,2.15,9.39,14091958,24091958,140.92,84.1,6.94,end_of_data=12; stop_loss=85; target_hit=94
A_RSI7p50_FIX_T15_SL7,fixed_target,"T=15%,SL=7%",RSI(7)>50,2.5,10,30,233,113,120,48.5,4.18,17.87,-8.71,27.87,-14.53,1.92,4.18,6177942,16177941,61.78,27.0,-7.04,end_of_data=5; stop_loss=119; target_hit=109
A_RSI10p50_FIX_T15_SL7,fixed_target,"T=15%,SL=7%",RSI(10)>50,2.5,10,30,192,92,100,47.9,3.97,17.69,-8.66,27.87,-14.53,1.86,3.97,4566948,14566948,45.67,26.3,-7.04,end_of_data=5; stop_loss=99; target_hit=88
A_RSI7p55_FIX_T15_SL7,fixed_target,"T=15%,SL=7%",RSI(7)>55,2.5,10,30,226,108,118,47.8,4.0,17.88,-8.71,27.87,-14.53,1.87,4.0,5624751,15624751,56.25,27.7,-7.05,end_of_data=5; stop_loss=117; target_hit=104
A_RSI10p55_FIX_T15_SL7,fixed_target,"T=15%,SL=7%",RSI(10)>55,2.5,10,30,191,92,99,48.2,4.04,17.69,-8.65,27.87,-14.53,1.88,4.04,4636977,14636977,46.37,26.5,-7.04,end_of_data=5; stop_loss=98; target_hit=88
A_RSI7p60_FIX_T15_SL7,fixed_target,"T=15%,SL=7%",RSI(7)>60,2.5,10,30,226,108,118,47.8,4.0,17.88,-8.71,27.87,-14.53,1.87,4.0,5624751,15624751,56.25,27.7,-7.05,end_of_data=5; stop_loss=117; target_hit=104
A_RSI10p60_FIX_T15_SL7,fixed_target,"T=15%,SL=7%",RSI(10)>60,2.5,10,30,191,92,99,48.2,4.04,17.69,-8.65,27.87,-14.53,1.88,4.04,4636977,14636977,46.37,26.5,-7.04,end_of_data=5; stop_loss=98; target_hit=88
A_RSI7p65_FIX_T15_SL7,fixed_target,"T=15%,SL=7%",RSI(7)>65,2.5,10,30,226,108,118,47.8,4.0,17.88,-8.71,27.87,-14.53,1.87,4.0,5624751,15624751,56.25,27.7,-7.05,end_of_data=5; stop_loss=117; target_hit=104
A_RSI10p65_FIX_T15_SL7,fixed_target,"T=15%,SL=7%",RSI(10)>65,2.5,10,30,191,92,99,48.2,4.04,17.69,-8.65,27.87,-14.53,1.88,4.04,4636977,14636977,46.37,26.5,-7.04,end_of_data=5; stop_loss=98; target_hit=88
A_RSI7p50_FIX_T20_SL10,fixed_target,"T=20%,SL=10%",RSI(7)>50,2.5,10,30,233,116,117,49.8,5.89,23.56,-11.63,43.92,-21.83,1.94,5.89,9649129,19649129,96.49,40.6,-1.38,end_of_data=8; stop_loss=114; target_hit=111
A_RSI10p50_FIX_T20_SL10,fixed_target,"T=20%,SL=10%",RSI(10)>50,2.5,10,30,192,92,100,47.9,4.94,22.97,-11.65,43.61,-21.83,1.76,4.94,5937600,15937600,59.38,40.6,-10.02,end_of_data=8; stop_loss=97; target_hit=87
A_RSI7p55_FIX_T20_SL10,fixed_target,"T=20%,SL=10%",RSI(7)>55,2.5,10,30,226,111,115,49.1,5.66,23.57,-11.62,43.92,-21.83,1.9,5.66,8770870,18770870,87.71,41.3,-7.69,end_of_data=8; stop_loss=112; target_hit=106
A_RSI10p55_FIX_T20_SL10,fixed_target,"T=20%,SL=10%",RSI(10)>55,2.5,10,30,191,92,99,48.2,5.04,22.97,-11.62,43.61,-21.83,1.79,5.04,6050080,16050081,60.5,40.8,-10.0,end_of_data=8; stop_loss=96; target_hit=87
A_RSI7p60_FIX_T20_SL10,fixed_target,"T=20%,SL=10%",RSI(7)>60,2.5,10,30,226,111,115,49.1,5.66,23.57,-11.62,43.92,-21.83,1.9,5.66,8770870,18770870,87.71,41.3,-7.69,end_of_data=8; stop_loss=112; target_hit=106
A_RSI10p60_FIX_T20_SL10,fixed_target,"T=20%,SL=10%",RSI(10)>60,2.5,10,30,191,92,99,48.2,5.04,22.97,-11.62,43.61,-21.83,1.79,5.04,6050080,16050081,60.5,40.8,-10.0,end_of_data=8; stop_loss=96; target_hit=87
A_RSI7p65_FIX_T20_SL10,fixed_target,"T=20%,SL=10%",RSI(7)>65,2.5,10,30,226,111,115,49.1,5.66,23.57,-11.62,43.92,-21.83,1.9,5.66,8770870,18770870,87.71,41.3,-7.69,end_of_data=8; stop_loss=112; target_hit=106
A_RSI10p65_FIX_T20_SL10,fixed_target,"T=20%,SL=10%",RSI(10)>65,2.5,10,30,191,92,99,48.2,5.04,22.97,-11.62,43.61,-21.83,1.79,5.04,6050080,16050081,60.5,40.8,-10.0,end_of_data=8; stop_loss=96; target_hit=87
A_RSI7p50_TRAIL_8PCT,trailing_sl,Trail=8%,RSI(7)>50,2.5,10,30,233,107,126,45.9,4.33,14.3,-4.13,654.88,-8.0,2.81,4.33,5806704,15806704,58.07,10.5,-0.68,end_of_data=1; trailing_sl=232
A_RSI10p50_TRAIL_8PCT,trailing_sl,Trail=8%,RSI(10)>50,2.5,10,30,192,84,108,43.8,0.67,6.78,-4.08,27.19,-8.0,1.29,0.67,657251,10657251,6.57,8.1,-1.02,end_of_data=1; trailing_sl=191
A_RSI7p55_TRAIL_8PCT,trailing_sl,Trail=8%,RSI(7)>55,2.5,10,30,226,102,124,45.1,0.87,6.94,-4.13,27.19,-8.0,1.38,0.87,1016551,11016551,10.17,8.3,-0.8,end_of_data=1; trailing_sl=225
A_RSI10p55_TRAIL_8PCT,trailing_sl,Trail=8%,RSI(10)>55,2.5,10,30,191,84,107,44.0,0.7,6.78,-4.08,27.19,-8.0,1.3,0.7,675465,10675465,6.75,8.1,-0.94,end_of_data=1; trailing_sl=190
A_RSI7p60_TRAIL_8PCT,trailing_sl,Trail=8%,RSI(7)>60,2.5,10,30,226,102,124,45.1,0.87,6.94,-4.13,27.19,-8.0,1.38,0.87,1016551,11016551,10.17,8.3,-0.8,end_of_data=1; trailing_sl=225
A_RSI10p60_TRAIL_8PCT,trailing_sl,Trail=8%,RSI(10)>60,2.5,10,30,191,84,107,44.0,0.7,6.78,-4.08,27.19,-8.0,1.3,0.7,675465,10675465,6.75,8.1,-0.94,end_of_data=1; trailing_sl=190
A_RSI7p65_TRAIL_8PCT,trailing_sl,Trail=8%,RSI(7)>65,2.5,10,30,226,102,124,45.1,0.87,6.94,-4.13,27.19,-8.0,1.38,0.87,1016551,11016551,10.17,8.3,-0.8,end_of_data=1; trailing_sl=225
A_RSI10p65_TRAIL_8PCT,trailing_sl,Trail=8%,RSI(10)>65,2.5,10,30,191,84,107,44.0,0.7,6.78,-4.08,27.19,-8.0,1.3,0.7,675465,10675465,6.75,8.1,-0.94,end_of_data=1; trailing_sl=190
A_EMA5_FIX_T30_SL15,fixed_target,"T=30%,SL=15%",Close>EMA5,2.5,10,30,233,125,108,53.6,10.08,32.99,-16.44,49.96,-30.03,2.22,10.08,21669587,31669587,216.7,82.6,30.08,end_of_data=12; stop_loss=102; target_hit=119
A_EMA7_FIX_T30_SL15,fixed_target,"T=30%,SL=15%",Close>EMA7,2.5,10,30,233,125,108,53.6,10.08,32.99,-16.44,49.96,-30.03,2.22,10.08,21669587,31669587,216.7,82.6,30.08,end_of_data=12; stop_loss=102; target_hit=119
A_EMA5_FIX_T15_SL7,fixed_target,"T=15%,SL=7%",Close>EMA5,2.5,10,30,233,113,120,48.5,4.18,17.87,-8.71,27.87,-14.53,1.92,4.18,6177942,16177941,61.78,27.0,-7.04,end_of_data=5; stop_loss=119; target_hit=109
A_EMA7_FIX_T15_SL7,fixed_target,"T=15%,SL=7%",Close>EMA7,2.5,10,30,233,113,120,48.5,4.18,17.87,-8.71,27.87,-14.53,1.92,4.18,6177942,16177941,61.78,27.0,-7.04,end_of_data=5; stop_loss=119; target_hit=109
A_EMA5_FIX_T20_SL10,fixed_target,"T=20%,SL=10%",Close>EMA5,2.5,10,30,233,116,117,49.8,5.89,23.56,-11.63,43.92,-21.83,1.94,5.89,9649129,19649129,96.49,40.6,-1.38,end_of_data=8; stop_loss=114; target_hit=111
A_EMA7_FIX_T20_SL10,fixed_target,"T=20%,SL=10%",Close>EMA7,2.5,10,30,233,116,117,49.8,5.89,23.56,-11.63,43.92,-21.83,1.94,5.89,9649129,19649129,96.49,40.6,-1.38,end_of_data=8; stop_loss=114; target_hit=111
A_EMA5_TRAIL_8PCT,trailing_sl,Trail=8%,Close>EMA5,2.5,10,30,233,107,126,45.9,4.33,14.3,-4.13,654.88,-8.0,2.81,4.33,5806704,15806704,58.07,10.5,-0.68,end_of_data=1; trailing_sl=232
A_EMA7_TRAIL_8PCT,trailing_sl,Trail=8%,Close>EMA7,2.5,10,30,233,107,126,45.9,4.33,14.3,-4.13,654.88,-8.0,2.81,4.33,5806704,15806704,58.07,10.5,-0.68,end_of_data=1; trailing_sl=232
A_ADX7p15_FIX_T30_SL15,fixed_target,"T=30%,SL=15%",ADX(7)>15,2.5,10,30,232,125,107,53.9,10.19,32.99,-16.45,49.96,-30.03,2.24,10.19,21916322,31916322,219.16,82.9,30.09,end_of_data=12; stop_loss=101; target_hit=119
A_ADX7p20_FIX_T30_SL15,fixed_target,"T=30%,SL=15%",ADX(7)>20,2.5,10,30,232,125,107,53.9,10.19,32.99,-16.45,49.96,-30.03,2.24,10.19,21916322,31916322,219.16,82.9,30.09,end_of_data=12; stop_loss=101; target_hit=119
A_ADX7p25_FIX_T30_SL15,fixed_target,"T=30%,SL=15%",ADX(7)>25,2.5,10,30,232,125,107,53.9,10.19,32.99,-16.45,49.96,-30.03,2.24,10.19,21916322,31916322,219.16,82.9,30.09,end_of_data=12; stop_loss=101; target_hit=119
A_ADX7p15_FIX_T15_SL7,fixed_target,"T=15%,SL=7%",ADX(7)>15,2.5,10,30,232,113,119,48.7,4.23,17.87,-8.72,27.87,-14.53,1.94,4.23,6238685,16238685,62.39,27.1,-7.03,end_of_data=5; stop_loss=118; target_hit=109
A_ADX7p20_FIX_T15_SL7,fixed_target,"T=15%,SL=7%",ADX(7)>20,2.5,10,30,232,113,119,48.7,4.23,17.87,-8.72,27.87,-14.53,1.94,4.23,6238685,16238685,62.39,27.1,-7.03,end_of_data=5; stop_loss=118; target_hit=109
A_ADX7p25_FIX_T15_SL7,fixed_target,"T=15%,SL=7%",ADX(7)>25,2.5,10,30,232,113,119,48.7,4.23,17.87,-8.72,27.87,-14.53,1.94,4.23,6238685,16238685,62.39,27.1,-7.03,end_of_data=5; stop_loss=118; target_hit=109
A_ADX7p15_FIX_T20_SL10,fixed_target,"T=20%,SL=10%",ADX(7)>15,2.5,10,30,232,116,116,50.0,5.97,23.56,-11.63,43.92,-21.83,1.96,5.97,9769918,19769918,97.7,40.7,0.68,end_of_data=8; stop_loss=113; target_hit=111
A_ADX7p20_FIX_T20_SL10,fixed_target,"T=20%,SL=10%",ADX(7)>20,2.5,10,30,232,116,116,50.0,5.97,23.56,-11.63,43.92,-21.83,1.96,5.97,9769918,19769918,97.7,40.7,0.68,end_of_data=8; stop_loss=113; target_hit=111
A_ADX7p25_FIX_T20_SL10,fixed_target,"T=20%,SL=10%",ADX(7)>25,2.5,10,30,232,116,116,50.0,5.97,23.56,-11.63,43.92,-21.83,1.96,5.97,9769918,19769918,97.7,40.7,0.68,end_of_data=8; stop_loss=113; target_hit=111
A_ADX7p15_TRAIL_8PCT,trailing_sl,Trail=8%,ADX(7)>15,2.5,10,30,232,106,126,45.7,4.33,14.39,-4.13,654.88,-8.0,2.8,4.33,5770287,15770287,57.7,10.5,-0.7,end_of_data=1; trailing_sl=231
A_ADX7p20_TRAIL_8PCT,trailing_sl,Trail=8%,ADX(7)>20,2.5,10,30,232,106,126,45.7,4.33,14.39,-4.13,654.88,-8.0,2.8,4.33,5770287,15770287,57.7,10.5,-0.7,end_of_data=1; trailing_sl=231
A_ADX7p25_TRAIL_8PCT,trailing_sl,Trail=8%,ADX(7)>25,2.5,10,30,232,106,126,45.7,4.33,14.39,-4.13,654.88,-8.0,2.8,4.33,5770287,15770287,57.7,10.5,-0.7,end_of_data=1; trailing_sl=231
A_BRK1PCT_FIX_T30_SL15,fixed_target,"T=30%,SL=15%",Breakout>1%,2.5,10,30,204,108,96,52.9,10.05,33.57,-16.41,49.96,-30.03,2.2,10.05,17349054,27349054,173.49,74.4,30.09,end_of_data=9; stop_loss=90; target_hit=105
A_BRK2PCT_FIX_T30_SL15,fixed_target,"T=30%,SL=15%",Breakout>2%,2.5,10,30,167,87,80,52.1,9.33,33.17,-16.6,49.96,-30.03,2.06,9.33,11459207,21459208,114.59,65.1,30.01,end_of_data=7; stop_loss=76; target_hit=84
A_BRK3PCT_FIX_T30_SL15,fixed_target,"T=30%,SL=15%",Breakout>3%,2.5,10,30,131,72,59,55.0,10.88,33.55,-16.79,49.96,-30.03,2.3,10.88,10136178,20136178,101.36,60.3,30.18,end_of_data=4; stop_loss=57; target_hit=70
A_BRK5PCT_FIX_T30_SL15,fixed_target,"T=30%,SL=15%",Breakout>5%,2.5,10,30,95,51,44,53.7,10.14,33.33,-16.75,43.92,-25.81,2.19,10.14,6044476,16044476,60.44,58.1,30.13,end_of_data=2; stop_loss=43; target_hit=50
A_BRK1PCT_FIX_T15_SL7,fixed_target,"T=15%,SL=7%",Breakout>1%,2.5,10,30,204,94,110,46.1,3.61,18.03,-8.72,27.87,-14.53,1.76,3.61,4378657,14378657,43.79,23.7,-7.07,end_of_data=3; stop_loss=109; target_hit=92
A_BRK2PCT_FIX_T15_SL7,fixed_target,"T=15%,SL=7%",Breakout>2%,2.5,10,30,167,79,88,47.3,3.78,17.79,-8.8,27.87,-14.53,1.79,3.78,3652959,13652959,36.53,20.5,-7.07,end_of_data=3; stop_loss=87; target_hit=77
A_BRK3PCT_FIX_T15_SL7,fixed_target,"T=15%,SL=7%",Breakout>3%,2.5,10,30,131,64,67,48.9,4.3,18.08,-8.86,27.87,-14.53,1.93,4.3,3206539,13206539,32.07,19.7,-7.04,end_of_data=2; stop_loss=66; target_hit=63
A_BRK5PCT_FIX_T15_SL7,fixed_target,"T=15%,SL=7%",Breakout>5%,2.5,10,30,95,45,50,47.4,4.09,18.44,-8.81,27.87,-14.53,1.88,4.09,2116329,12116329,21.16,18.1,-7.07,end_of_data=1; stop_loss=49; target_hit=45
A_BRK1PCT_FIX_T20_SL10,fixed_target,"T=20%,SL=10%",Breakout>1%,2.5,10,30,204,96,108,47.1,5.06,23.89,-11.68,43.92,-21.83,1.76,5.06,6600369,16600369,66.0,36.5,-10.08,end_of_data=6; stop_loss=105; target_hit=93
A_BRK2PCT_FIX_T20_SL10,fixed_target,"T=20%,SL=10%",Breakout>2%,2.5,10,30,167,78,89,46.7,4.96,24.1,-11.82,43.92,-21.83,1.73,4.96,5013000,15013000,50.13,34.4,-10.11,end_of_data=5; stop_loss=87; target_hit=75
A_BRK3PCT_FIX_T20_SL10,fixed_target,"T=20%,SL=10%",Breakout>3%,2.5,10,30,131,67,64,51.1,6.73,24.38,-11.74,43.92,-17.52,2.12,6.73,5442922,15442923,54.43,32.4,6.33,end_of_data=4; stop_loss=62; target_hit=65
A_BRK5PCT_FIX_T20_SL10,fixed_target,"T=20%,SL=10%",Breakout>5%,2.5,10,30,95,48,47,50.5,6.9,25.18,-11.76,43.92,-17.52,2.16,6.9,3813431,13813431,38.13,30.5,2.74,end_of_data=2; stop_loss=46; target_hit=47
A_BRK1PCT_TRAIL_8PCT,trailing_sl,Trail=8%,Breakout>1%,2.5,10,30,204,92,112,45.1,4.66,15.31,-4.1,654.88,-8.0,2.89,4.66,5348954,15348955,53.49,9.6,-0.8,trailing_sl=204
A_BRK2PCT_TRAIL_8PCT,trailing_sl,Trail=8%,Breakout>2%,2.5,10,30,167,76,91,45.5,5.59,16.98,-3.93,654.88,-8.0,3.43,5.59,5224453,15224453,52.24,8.6,-0.66,trailing_sl=167
A_BRK3PCT_TRAIL_8PCT,trailing_sl,Trail=8%,Breakout>3%,2.5,10,30,131,60,71,45.8,7.04,19.95,-3.87,654.88,-8.0,4.18,7.04,5143488,15143487,51.43,8.5,-0.28,trailing_sl=131
A_BRK5PCT_TRAIL_8PCT,trailing_sl,Trail=8%,Breakout>5%,2.5,10,30,95,48,47,50.5,2.23,8.17,-3.83,41.48,-8.0,2.19,2.23,1110157,11110157,11.1,4.4,0.05,trailing_sl=95
A_LISTGAIN_FIX_T30_SL15,fixed_target,"T=30%,SL=15%",ListingGain,2.5,10,30,99,53,46,53.5,10.43,33.72,-16.41,49.96,-25.81,2.28,10.43,6599208,16599208,65.99,65.6,30.03,end_of_data=5; stop_loss=43; target_hit=51
A_LISTGAIN_FIX_T15_SL7,fixed_target,"T=15%,SL=7%",ListingGain,2.5,10,30,99,44,55,44.4,3.02,18.06,-9.02,27.87,-14.53,1.59,3.02,1581601,11581601,15.82,20.1,-7.38,end_of_data=1; stop_loss=55; target_hit=43
A_LISTGAIN_FIX_T20_SL10,fixed_target,"T=20%,SL=10%",ListingGain,2.5,10,30,99,49,50,49.5,6.23,24.76,-11.94,43.92,-21.83,1.96,6.23,3543393,13543393,35.43,32.3,-5.88,end_of_data=3; stop_loss=49; target_hit=47
A_LISTGAIN_TRAIL_8PCT,trailing_sl,Trail=8%,ListingGain,2.5,10,30,99,41,58,41.4,0.45,6.66,-3.94,35.21,-8.0,1.19,0.45,220925,10220925,2.21,5.6,-1.09,trailing_sl=99
A_GAPUP_FIX_T30_SL15,fixed_target,"T=30%,SL=15%",GapUp,2.5,10,30,201,105,96,52.2,9.54,33.38,-16.54,49.96,-30.03,2.13,9.54,15595815,25595815,155.96,81.6,30.01,end_of_data=9; stop_loss=91; target_hit=101
A_GAPUP_FIX_T15_SL7,fixed_target,"T=15%,SL=7%",GapUp,2.5,10,30,201,99,102,49.3,4.55,18.19,-8.69,27.87,-14.53,2.04,4.55,5714330,15714330,57.14,26.8,-7.01,end_of_data=3; stop_loss=101; target_hit=97
A_GAPUP_FIX_T20_SL10,fixed_target,"T=20%,SL=10%",GapUp,2.5,10,30,201,101,100,50.2,6.38,24.16,-11.58,43.92,-17.52,2.06,6.38,8807619,18807619,88.08,40.2,2.74,end_of_data=6; stop_loss=97; target_hit=98
A_GAPUP_TRAIL_8PCT,trailing_sl,Trail=8%,GapUp,2.5,10,30,201,99,102,49.3,5.25,14.9,-4.12,654.88,-8.0,3.35,5.25,6176020,16176020,61.76,10.1,-0.06,end_of_data=1; trailing_sl=200
A_ABVAVG_FIX_T30_SL15,fixed_target,"T=30%,SL=15%",AboveAvgPrice,2.5,10,30,233,125,108,53.6,10.08,32.99,-16.44,49.96,-30.03,2.22,10.08,21669587,31669587,216.7,82.6,30.08,end_of_data=12; stop_loss=102; target_hit=119
A_ABVAVG_FIX_T15_SL7,fixed_target,"T=15%,SL=7%",AboveAvgPrice,2.5,10,30,233,113,120,48.5,4.18,17.87,-8.71,27.87,-14.53,1.92,4.18,6177942,16177941,61.78,27.0,-7.04,end_of_data=5; stop_loss=119; target_hit=109
A_ABVAVG_FIX_T20_SL10,fixed_target,"T=20%,SL=10%",AboveAvgPrice,2.5,10,30,233,116,117,49.8,5.89,23.56,-11.63,43.92,-21.83,1.94,5.89,9649129,19649129,96.49,40.6,-1.38,end_of_data=8; stop_loss=114; target_hit=111
A_ABVAVG_TRAIL_8PCT,trailing_sl,Trail=8%,AboveAvgPrice,2.5,10,30,233,107,126,45.9,4.33,14.3,-4.13,654.88,-8.0,2.81,4.33,5806704,15806704,58.07,10.5,-0.68,end_of_data=1; trailing_sl=232
A_CONSEC2_FIX_T30_SL15,fixed_target,"T=30%,SL=15%",ConsecClose=2,2.5,10,30,0,0,0,0.0,0.0,0.0,0.0,0.0,0.0,0.0,0.0,0,10000000,0.0,0.0,0,
A_CONSEC2_FIX_T15_SL7,fixed_target,"T=15%,SL=7%",ConsecClose=2,2.5,10,30,0,0,0,0.0,0.0,0.0,0.0,0.0,0.0,0.0,0.0,0,10000000,0.0,0.0,0,
A_CONSEC2_FIX_T20_SL10,fixed_target,"T=20%,SL=10%",ConsecClose=2,2.5,10,30,0,0,0,0.0,0.0,0.0,0.0,0.0,0.0,0.0,0.0,0,10000000,0.0,0.0,0,
A_CONSEC2_TRAIL_8PCT,trailing_sl,Trail=8%,ConsecClose=2,2.5,10,30,0,0,0,0.0,0.0,0.0,0.0,0.0,0.0,0.0,0.0,0,10000000,0.0,0.0,0,
A_MFI7p50_FIX_T30_SL15,fixed_target,"T=30%,SL=15%",MFI(7)>50,2.5,10,30,232,125,107,53.9,10.19,32.99,-16.44,49.96,-30.03,2.25,10.19,21924092,31924092,219.24,82.5,30.09,end_of_data=12; stop_loss=101; target_hit=119
A_MFI7p60_FIX_T30_SL15,fixed_target,"T=30%,SL=15%",MFI(7)>60,2.5,10,30,208,108,100,51.9,9.3,32.91,-16.19,49.96,-30.03,2.14,9.3,15825217,25825217,158.25,80.9,6.63,end_of_data=12; stop_loss=94; target_hit=102
A_MFI7p50_FIX_T15_SL7,fixed_target,"T=15%,SL=7%",MFI(7)>50,2.5,10,30,232,113,119,48.7,4.26,17.87,-8.66,27.87,-14.53,1.96,4.26,6296046,16296046,62.96,26.8,-7.03,end_of_data=5; stop_loss=118; target_hit=109
A_MFI7p60_FIX_T15_SL7,fixed_target,"T=15%,SL=7%",MFI(7)>60,2.5,10,30,208,99,109,47.6,3.88,17.72,-8.69,27.87,-14.53,1.84,3.88,4895338,14895338,48.95,27.6,-7.07,end_of_data=5; stop_loss=108; target_hit=95
A_MFI7p50_FIX_T20_SL10,fixed_target,"T=20%,SL=10%",MFI(7)>50,2.5,10,30,232,116,116,50.0,5.98,23.56,-11.61,43.92,-21.83,1.97,5.98,9792575,19792575,97.93,40.4,0.68,end_of_data=8; stop_loss=113; target_hit=111
A_MFI7p60_FIX_T20_SL10,fixed_target,"T=20%,SL=10%",MFI(7)>60,2.5,10,30,208,100,108,48.1,5.16,23.28,-11.62,43.61,-21.83,1.81,5.16,6941925,16941925,69.42,40.8,-10.02,end_of_data=8; stop_loss=105; target_hit=95
A_MFI7p50_TRAIL_8PCT,trailing_sl,Trail=8%,MFI(7)>50,2.5,10,30,232,107,125,46.1,4.38,14.3,-4.1,654.88,-8.0,2.86,4.38,5870185,15870185,58.7,10.2,-0.67,end_of_data=1; trailing_sl=231
A_MFI7p60_TRAIL_8PCT,trailing_sl,Trail=8%,MFI(7)>60,2.5,10,30,208,93,115,44.7,0.81,6.77,-4.0,25.92,-8.0,1.36,0.81,869231,10869231,8.69,8.3,-0.8,end_of_data=1; trailing_sl=207
B_HYBRID_T15_TR8_SL5,target_or_trail,"Hybrid=target_or_trail,T=15%,Trail=8%,SL=5%",Hybrid:Target+Trail,2.5,10,30,233,106,127,45.5,1.69,9.15,-4.54,25.7,-14.49,1.68,1.69,2147598,12147598,21.48,7.8,-0.71,end_of_data=1; hybrid_sl=47; hybrid_target=36; hybrid_trail=149
B_HYBRID_T15_TR8_SL7,target_or_trail,"Hybrid=target_or_trail,T=15%,Trail=8%,SL=7%",Hybrid:Target+Trail,2.5,10,30,233,107,126,45.9,1.8,9.3,-4.57,25.7,-14.49,1.72,1.8,2302675,12302675,23.03,8.0,-0.68,end_of_data=1; hybrid_sl=24; hybrid_target=37; hybrid_trail=171
B_HYBRID_T15_TR8_SL10,target_or_trail,"Hybrid=target_or_trail,T=15%,Trail=8%,SL=10%",Hybrid:Target+Trail,2.5,10,30,233,108,125,46.4,1.88,9.25,-4.49,25.7,-15.0,1.77,1.88,2416234,12416234,24.16,8.2,-0.66,end_of_data=1; hybrid_sl=14; hybrid_target=37; hybrid_trail=181
B_HYBRID_T15_TR10_SL5,target_or_trail,"Hybrid=target_or_trail,T=15%,Trail=10%,SL=5%",Hybrid:Target+Trail,2.5,10,30,233,95,138,40.8,1.71,11.71,-5.17,27.11,-14.49,1.56,1.71,2166645,12166645,21.67,12.3,-2.23,end_of_data=1; hybrid_sl=73; hybrid_target=49; hybrid_trail=110
B_HYBRID_T15_TR10_SL7,target_or_trail,"Hybrid=target_or_trail,T=15%,Trail=10%,SL=7%",Hybrid:Target+Trail,2.5,10,30,233,97,136,41.6,1.6,11.74,-5.64,27.11,-14.49,1.49,1.6,2010283,12010283,20.1,12.9,-2.12,end_of_data=1; hybrid_sl=40; hybrid_target=50; hybrid_trail=142
B_HYBRID_T15_TR10_SL10,target_or_trail,"Hybrid=target_or_trail,T=15%,Trail=10%,SL=10%",Hybrid:Target+Trail,2.5,10,30,233,98,135,42.1,1.71,11.84,-5.65,27.11,-15.0,1.52,1.71,2163627,12163627,21.64,13.4,-2.12,end_of_data=1; hybrid_sl=18; hybrid_target=51; hybrid_trail=163
B_HYBRID_T15_TR12_SL5,target_or_trail,"Hybrid=target_or_trail,T=15%,Trail=12%,SL=5%",Hybrid:Target+Trail,2.5,10,30,233,100,133,42.9,2.02,12.61,-5.95,27.11,-14.49,1.59,2.02,2603631,12603632,26.04,14.5,-3.25,end_of_data=2; hybrid_sl=91; hybrid_target=61; hybrid_trail=79
B_HYBRID_T15_TR12_SL7,target_or_trail,"Hybrid=target_or_trail,T=15%,Trail=12%,SL=7%",Hybrid:Target+Trail,2.5,10,30,233,103,130,44.2,1.74,12.66,-6.91,27.11,-14.49,1.46,1.74,2199637,12199637,22.0,15.7,-2.6,end_of_data=3; hybrid_sl=63; hybrid_target=63; hybrid_trail=104
B_HYBRID_T15_TR12_SL10,target_or_trail,"Hybrid=target_or_trail,T=15%,Trail=12%,SL=10%",Hybrid:Target+Trail,2.5,10,30,233,106,127,45.5,1.83,12.69,-7.24,27.11,-15.0,1.46,1.83,2321666,12321666,23.22,16.8,-2.32,end_of_data=3; hybrid_sl=29; hybrid_target=65; hybrid_trail=136
B_HYBRID_T20_TR8_SL5,target_or_trail,"Hybrid=target_or_trail,T=20%,Trail=8%,SL=5%",Hybrid:Target+Trail,2.5,10,30,233,106,127,45.5,1.07,7.79,-4.54,25.7,-14.49,1.43,1.07,1309255,11309255,13.09,8.1,-0.71,end_of_data=1; hybrid_sl=47; hybrid_target=12; hybrid_trail=173
B_HYBRID_T20_TR8_SL7,target_or_trail,"Hybrid=target_or_trail,T=20%,Trail=8%,SL=7%",Hybrid:Target+Trail,2.5,10,30,233,107,126,45.9,1.18,7.96,-4.57,25.7,-14.49,1.47,1.18,1453629,11453629,14.54,8.3,-0.68,end_of_data=1; hybrid_sl=24; hybrid_target=13; hybrid_trail=195
B_HYBRID_T20_TR8_SL10,target_or_trail,"Hybrid=target_or_trail,T=20%,Trail=8%,SL=10%",Hybrid:Target+Trail,2.5,10,30,233,108,125,46.4,1.26,7.92,-4.49,25.7,-15.0,1.52,1.26,1559351,11559351,15.59,8.6,-0.66,end_of_data=1; hybrid_sl=14; hybrid_target=13; hybrid_trail=205
B_HYBRID_T20_TR10_SL5,target_or_trail,"Hybrid=target_or_trail,T=20%,Trail=10%,SL=5%",Hybrid:Target+Trail,2.5,10,30,233,95,138,40.8,1.03,10.05,-5.17,31.99,-14.49,1.34,1.03,1249674,11249674,12.5,12.8,-2.23,end_of_data=1; hybrid_sl=73; hybrid_target=23; hybrid_trail=136
B_HYBRID_T20_TR10_SL7,target_or_trail,"Hybrid=target_or_trail,T=20%,Trail=10%,SL=7%",Hybrid:Target+Trail,2.5,10,30,233,97,136,41.6,0.92,10.12,-5.64,31.99,-14.49,1.28,0.92,1105096,11105096,11.05,13.4,-2.12,end_of_data=1; hybrid_sl=40; hybrid_target=24; hybrid_trail=168
B_HYBRID_T20_TR10_SL10,target_or_trail,"Hybrid=target_or_trail,T=20%,Trail=10%,SL=10%",Hybrid:Target+Trail,2.5,10,30,233,98,135,42.1,1.03,10.24,-5.65,31.99,-15.0,1.31,1.03,1246883,11246883,12.47,13.9,-2.12,end_of_data=1; hybrid_sl=18; hybrid_target=25; hybrid_trail=189
B_HYBRID_T20_TR12_SL5,target_or_trail,"Hybrid=target_or_trail,T=20%,Trail=12%,SL=5%",Hybrid:Target+Trail,2.5,10,30,233,100,133,42.9,1.5,11.4,-5.95,32.06,-14.49,1.44,1.5,1861434,11861434,18.61,15.5,-3.25,end_of_data=2; hybrid_sl=91; hybrid_target=34; hybrid_trail=106
B_HYBRID_T20_TR12_SL7,target_or_trail,"Hybrid=target_or_trail,T=20%,Trail=12%,SL=7%",Hybrid:Target+Trail,2.5,10,30,233,103,130,44.2,1.24,11.54,-6.91,32.06,-14.49,1.32,1.24,1514471,11514471,15.14,16.7,-2.6,end_of_data=3; hybrid_sl=63; hybrid_target=36; hybrid_trail=131
B_HYBRID_T20_TR12_SL10,target_or_trail,"Hybrid=target_or_trail,T=20%,Trail=12%,SL=10%",Hybrid:Target+Trail,2.5,10,30,233,106,127,45.5,1.3,11.53,-7.24,32.06,-15.0,1.33,1.3,1583037,11583037,15.83,17.8,-2.32,end_of_data=3; hybrid_sl=29; hybrid_target=37; hybrid_trail=164
B_HYBRID_T25_TR8_SL5,target_or_trail,"Hybrid=target_or_trail,T=25%,Trail=8%,SL=5%",Hybrid:Target+Trail,2.5,10,30,233,106,127,45.5,1.16,8.0,-4.54,27.61,-14.49,1.46,1.16,1430540,11430540,14.31,8.3,-0.71,end_of_data=1; hybrid_sl=47; hybrid_target=10; hybrid_trail=175
B_HYBRID_T25_TR8_SL7,target_or_trail,"Hybrid=target_or_trail,T=25%,Trail=8%,SL=7%",Hybrid:Target+Trail,2.5,10,30,233,107,126,45.9,1.23,8.06,-4.57,27.61,-14.49,1.49,1.23,1519294,11519294,15.19,8.6,-0.68,end_of_data=1; hybrid_sl=24; hybrid_target=10; hybrid_trail=198
B_HYBRID_T25_TR8_SL10,target_or_trail,"Hybrid=target_or_trail,T=25%,Trail=8%,SL=10%",Hybrid:Target+Trail,2.5,10,30,233,108,125,46.4,1.31,8.03,-4.49,27.61,-15.0,1.53,1.31,1625623,11625623,16.26,8.8,-0.66,end_of_data=1; hybrid_sl=14; hybrid_target=10; hybrid_trail=208
B_HYBRID_T25_TR10_SL5,target_or_trail,"Hybrid=target_or_trail,T=25%,Trail=10%,SL=5%",Hybrid:Target+Trail,2.5,10,30,233,95,138,40.8,1.22,10.52,-5.17,44.74,-14.49,1.4,1.22,1499161,11499161,14.99,13.2,-2.23,end_of_data=1; hybrid_sl=73; hybrid_target=18; hybrid_trail=141
B_HYBRID_T25_TR10_SL7,target_or_trail,"Hybrid=target_or_trail,T=25%,Trail=10%,SL=7%",Hybrid:Target+Trail,2.5,10,30,233,97,136,41.6,1.19,10.77,-5.64,44.74,-14.49,1.36,1.19,1451477,11451477,14.51,14.0,-2.12,end_of_data=1; hybrid_sl=40; hybrid_target=19; hybrid_trail=173
B_HYBRID_T25_TR10_SL10,target_or_trail,"Hybrid=target_or_trail,T=25%,Trail=10%,SL=10%",Hybrid:Target+Trail,2.5,10,30,233,98,135,42.1,1.32,10.91,-5.65,44.74,-15.0,1.4,1.32,1620261,11620261,16.2,14.4,-2.12,end_of_data=1; hybrid_sl=18; hybrid_target=20; hybrid_trail=194
B_HYBRID_T25_TR12_SL5,target_or_trail,"Hybrid=target_or_trail,T=25%,Trail=12%,SL=5%",Hybrid:Target+Trail,2.5,10,30,233,100,133,42.9,1.88,12.3,-5.95,49.96,-14.49,1.55,1.88,2401042,12401042,24.01,16.3,-3.25,end_of_data=2; hybrid_sl=91; hybrid_target=28; hybrid_trail=112
B_HYBRID_T25_TR12_SL7,target_or_trail,"Hybrid=target_or_trail,T=25%,Trail=12%,SL=7%",Hybrid:Target+Trail,2.5,10,30,233,103,130,44.2,1.73,12.64,-6.91,49.96,-14.49,1.45,1.73,2175027,12175027,21.75,17.6,-2.6,end_of_data=3; hybrid_sl=63; hybrid_target=30; hybrid_trail=137
B_HYBRID_T25_TR12_SL10,target_or_trail,"Hybrid=target_or_trail,T=25%,Trail=12%,SL=10%",Hybrid:Target+Trail,2.5,10,30,233,106,127,45.5,1.8,12.63,-7.24,49.96,-15.0,1.46,1.8,2271367,12271367,22.71,18.6,-2.32,end_of_data=3; hybrid_sl=29; hybrid_target=31; hybrid_trail=170
B_HYBRID_T15_TR8_D30,target_or_trail,"Hybrid=target_or_trail,T=15%,Trail=8%,SL=7%",Hybrid:T+TR+TimeCap30d,2.5,10,30,233,107,126,45.9,1.79,9.09,-4.41,25.7,-13.63,1.75,1.79,2291088,12291088,22.91,6.2,-0.57,end_of_data=1; hybrid_sl=22; hybrid_target=36; hybrid_time=6; hybrid_trail=168
B_HYBRID_T15_TR8_D45,target_or_trail,"Hybrid=target_or_trail,T=15%,Trail=8%,SL=7%",Hybrid:T+TR+TimeCap45d,2.5,10,30,233,106,127,45.5,1.75,9.16,-4.43,25.7,-13.63,1.73,1.75,2239252,12239252,22.39,6.7,-0.68,end_of_data=1; hybrid_sl=23; hybrid_target=36; hybrid_time=4; hybrid_trail=169
B_HYBRID_T15_TR8_D60,target_or_trail,"Hybrid=target_or_trail,T=15%,Trail=8%,SL=7%",Hybrid:T+TR+TimeCap60d,2.5,10,30,233,107,126,45.9,1.81,9.32,-4.57,25.7,-14.49,1.73,1.81,2312465,12312465,23.12,7.0,-0.68,end_of_data=1; hybrid_sl=24; hybrid_target=37; hybrid_time=2; hybrid_trail=169
B_HYBRID_T15_TR10_D30,target_or_trail,"Hybrid=target_or_trail,T=15%,Trail=10%,SL=7%",Hybrid:T+TR+TimeCap30d,2.5,10,30,233,97,136,41.6,1.45,11.15,-5.47,27.11,-13.63,1.46,1.45,1802430,11802429,18.02,8.6,-1.98,end_of_data=1; hybrid_sl=38; hybrid_target=46; hybrid_time=9; hybrid_trail=139
B_HYBRID_T15_TR10_D45,target_or_trail,"Hybrid=target_or_trail,T=15%,Trail=10%,SL=7%",Hybrid:T+TR+TimeCap45d,2.5,10,30,233,96,137,41.2,1.48,11.43,-5.5,27.11,-13.63,1.46,1.48,1842682,11842682,18.43,9.3,-2.12,end_of_data=1; hybrid_sl=39; hybrid_target=47; hybrid_time=5; hybrid_trail=141
B_HYBRID_T15_TR10_D60,target_or_trail,"Hybrid=target_or_trail,T=15%,Trail=10%,SL=7%",Hybrid:T+TR+TimeCap60d,2.5,10,30,233,97,136,41.6,1.54,11.59,-5.64,27.11,-14.49,1.47,1.54,1923339,11923339,19.23,9.6,-2.12,end_of_data=1; hybrid_sl=40; hybrid_target=49; hybrid_time=2; hybrid_trail=141
B_HYBRID_T20_TR8_D30,target_or_trail,"Hybrid=target_or_trail,T=20%,Trail=8%,SL=7%",Hybrid:T+TR+TimeCap30d,2.5,10,30,233,107,126,45.9,1.15,7.69,-4.41,25.7,-13.63,1.48,1.15,1410120,11410120,14.1,6.5,-0.57,end_of_data=1; hybrid_sl=22; hybrid_target=11; hybrid_time=7; hybrid_trail=192
B_HYBRID_T20_TR8_D45,target_or_trail,"Hybrid=target_or_trail,T=20%,Trail=8%,SL=7%",Hybrid:T+TR+TimeCap45d,2.5,10,30,233,106,127,45.5,1.14,7.81,-4.43,25.7,-13.63,1.47,1.14,1394583,11394583,13.95,7.1,-0.68,end_of_data=1; hybrid_sl=23; hybrid_target=12; hybrid_time=4; hybrid_trail=193
B_HYBRID_T20_TR8_D60,target_or_trail,"Hybrid=target_or_trail,T=20%,Trail=8%,SL=7%",Hybrid:T+TR+TimeCap60d,2.5,10,30,233,107,126,45.9,1.19,7.97,-4.57,25.7,-14.49,1.48,1.19,1462744,11462744,14.63,7.4,-0.68,end_of_data=1; hybrid_sl=24; hybrid_target=13; hybrid_time=2; hybrid_trail=193
B_HYBRID_T20_TR10_D30,target_or_trail,"Hybrid=target_or_trail,T=20%,Trail=10%,SL=7%",Hybrid:T+TR+TimeCap30d,2.5,10,30,233,97,136,41.6,0.79,9.56,-5.47,31.99,-13.63,1.25,0.79,932218,10932218,9.32,9.0,-1.98,end_of_data=1; hybrid_sl=38; hybrid_target=20; hybrid_time=10; hybrid_trail=164
B_HYBRID_T20_TR10_D45,target_or_trail,"Hybrid=target_or_trail,T=20%,Trail=10%,SL=7%",Hybrid:T+TR+TimeCap45d,2.5,10,30,233,96,137,41.2,0.84,9.89,-5.5,31.99,-13.63,1.26,0.84,1000960,11000960,10.01,9.7,-2.12,end_of_data=1; hybrid_sl=39; hybrid_target=22; hybrid_time=5; hybrid_trail=166
B_HYBRID_T20_TR10_D60,target_or_trail,"Hybrid=target_or_trail,T=20%,Trail=10%,SL=7%",Hybrid:T+TR+TimeCap60d,2.5,10,30,233,97,136,41.6,0.89,10.04,-5.64,31.99,-14.49,1.27,0.89,1063256,11063256,10.63,10.1,-2.12,end_of_data=1; hybrid_sl=40; hybrid_target=23; hybrid_time=3; hybrid_trail=166
B_TGTBE_T15_BE3_SL5,target_with_breakeven,"Hybrid=target_with_breakeven,T=15%,Trail=10%,SL=5%",Hybrid:Target+BE@3%,2.5,10,30,233,46,187,19.7,2.51,18.67,-1.46,25.7,-14.49,3.15,2.51,3368164,13368164,33.68,9.3,0.0,hybrid_breakeven=148; hybrid_sl=39; hybrid_target=46
B_TGTBE_T15_BE3_SL7,target_with_breakeven,"Hybrid=target_with_breakeven,T=15%,Trail=10%,SL=7%",Hybrid:Target+BE@3%,2.5,10,30,233,47,186,20.2,2.41,18.81,-1.73,25.7,-14.49,2.77,2.41,3209281,13209281,32.09,9.9,0.0,hybrid_breakeven=150; hybrid_sl=36; hybrid_target=47
B_TGTBE_T15_BE3_SL10,target_with_breakeven,"Hybrid=target_with_breakeven,T=15%,Trail=10%,SL=10%",Hybrid:Target+BE@3%,2.5,10,30,233,48,185,20.6,2.36,18.86,-1.93,25.7,-15.0,2.53,2.36,3121786,13121786,31.22,11.2,0.0,end_of_data=2; hybrid_breakeven=153; hybrid_sl=30; hybrid_target=48
B_TGTBE_T15_BE5_SL5,target_with_breakeven,"Hybrid=target_with_breakeven,T=15%,Trail=10%,SL=5%",Hybrid:Target+BE@5%,2.5,10,30,233,54,179,23.2,2.42,18.13,-2.33,25.7,-14.49,2.33,2.42,3215561,13215561,32.16,11.9,0.0,end_of_data=1; hybrid_breakeven=118; hybrid_sl=61; hybrid_target=53
B_TGTBE_T15_BE5_SL7,target_with_breakeven,"Hybrid=target_with_breakeven,T=15%,Trail=10%,SL=7%",Hybrid:Target+BE@5%,2.5,10,30,233,55,178,23.6,2.31,18.26,-2.61,25.7,-14.49,2.16,2.31,3054598,13054598,30.55,13.1,0.0,end_of_data=2; hybrid_breakeven=125; hybrid_sl=52; hybrid_target=54
B_TGTBE_T15_BE5_SL10,target_with_breakeven,"Hybrid=target_with_breakeven,T=15%,Trail=10%,SL=10%",Hybrid:Target+BE@5%,2.5,10,30,233,57,176,24.5,2.28,18.29,-2.9,25.7,-15.0,2.03,2.28,3006707,13006707,30.07,15.1,0.0,end_of_data=4; hybrid_breakeven=130; hybrid_sl=43; hybrid_target=56
B_TGTBE_T15_BE7_SL5,target_with_breakeven,"Hybrid=target_with_breakeven,T=15%,Trail=10%,SL=5%",Hybrid:Target+BE@7%,2.5,10,30,233,64,169,27.5,2.54,17.97,-3.3,27.11,-14.49,2.04,2.54,3402306,13402306,34.02,13.8,0.0,end_of_data=2; hybrid_breakeven=85; hybrid_sl=84; hybrid_target=62
B_TGTBE_T15_BE7_SL7,target_with_breakeven,"Hybrid=target_with_breakeven,T=15%,Trail=10%,SL=7%",Hybrid:Target+BE@7%,2.5,10,30,233,66,167,28.3,2.34,18.06,-3.87,27.11,-14.49,1.85,2.34,3090830,13090830,30.91,15.9,0.0,end_of_data=3; hybrid_breakeven=93; hybrid_sl=73; hybrid_target=64
B_TGTBE_T15_BE7_SL10,target_with_breakeven,"Hybrid=target_with_breakeven,T=15%,Trail=10%,SL=10%",Hybrid:Target+BE@7%,2.5,10,30,233,70,163,30.0,2.16,17.84,-4.57,27.11,-15.99,1.67,2.16,2810041,12810041,28.1,18.8,0.0,end_of_data=6; hybrid_breakeven=97; hybrid_sl=63; hybrid_target=67
B_TGTBE_T20_BE3_SL5,target_with_breakeven,"Hybrid=target_with_breakeven,T=20%,Trail=10%,SL=5%",Hybrid:Target+BE@3%,2.5,10,30,233,37,196,15.9,2.74,24.63,-1.4,32.06,-14.49,3.32,2.74,3712189,13712189,37.12,10.3,0.0,hybrid_breakeven=157; hybrid_sl=39; hybrid_target=37
B_TGTBE_T20_BE3_SL7,target_with_breakeven,"Hybrid=target_with_breakeven,T=20%,Trail=10%,SL=7%",Hybrid:Target+BE@3%,2.5,10,30,233,38,195,16.3,2.64,24.64,-1.65,32.06,-14.49,2.93,2.64,3549218,13549218,35.49,10.9,0.0,hybrid_breakeven=159; hybrid_sl=36; hybrid_target=38
B_TGTBE_T20_BE3_SL10,target_with_breakeven,"Hybrid=target_with_breakeven,T=20%,Trail=10%,SL=10%",Hybrid:Target+BE@3%,2.5,10,30,233,39,194,16.7,2.58,24.56,-1.84,32.06,-15.0,2.66,2.58,3459471,13459471,34.59,12.2,0.0,end_of_data=2; hybrid_breakeven=162; hybrid_sl=30; hybrid_target=39
B_TGTBE_T20_BE5_SL5,target_with_breakeven,"Hybrid=target_with_breakeven,T=20%,Trail=10%,SL=5%",Hybrid:Target+BE@5%,2.5,10,30,233,43,190,18.5,2.64,23.97,-2.19,32.06,-14.49,2.43,2.64,3547920,13547920,35.48,13.3,0.0,end_of_data=1; hybrid_breakeven=129; hybrid_sl=61; hybrid_target=42
B_TGTBE_T20_BE5_SL7,target_with_breakeven,"Hybrid=target_with_breakeven,T=20%,Trail=10%,SL=7%",Hybrid:Target+BE@5%,2.5,10,30,233,44,189,18.9,2.53,23.99,-2.46,32.06,-14.49,2.26,2.53,3382909,13382909,33.83,14.5,0.0,end_of_data=2; hybrid_breakeven=136; hybrid_sl=52; hybrid_target=43
B_TGTBE_T20_BE5_SL10,target_with_breakeven,"Hybrid=target_with_breakeven,T=20%,Trail=10%,SL=10%",Hybrid:Target+BE@5%,2.5,10,30,233,46,187,19.7,2.53,23.9,-2.73,32.06,-15.0,2.12,2.53,3369157,13369157,33.69,16.6,0.0,end_of_data=4; hybrid_breakeven=141; hybrid_sl=43; hybrid_target=45
B_TGTBE_T20_BE7_SL5,target_with_breakeven,"Hybrid=target_with_breakeven,T=20%,Trail=10%,SL=5%",Hybrid:Target+BE@7%,2.5,10,30,233,50,183,21.5,2.71,23.82,-3.05,38.14,-14.49,2.09,2.71,3662132,13662132,36.62,15.4,0.0,end_of_data=2; hybrid_breakeven=99; hybrid_sl=84; hybrid_target=48
B_TGTBE_T20_BE7_SL7,target_with_breakeven,"Hybrid=target_with_breakeven,T=20%,Trail=10%,SL=7%",Hybrid:Target+BE@7%,2.5,10,30,233,52,181,22.3,2.62,24.15,-3.57,40.03,-14.49,1.93,2.62,3498982,13498982,34.99,17.5,0.0,end_of_data=3; hybrid_breakeven=107; hybrid_sl=73; hybrid_target=50
B_TGTBE_T20_BE7_SL10,target_with_breakeven,"Hybrid=target_with_breakeven,T=20%,Trail=10%,SL=10%",Hybrid:Target+BE@7%,2.5,10,30,233,56,177,24.0,2.48,23.62,-4.21,40.03,-15.99,1.75,2.48,3273485,13273485,32.73,20.5,0.0,end_of_data=6; hybrid_breakeven=111; hybrid_sl=63; hybrid_target=53
B_TGTBE_T25_BE3_SL5,target_with_breakeven,"Hybrid=target_with_breakeven,T=25%,Trail=10%,SL=5%",Hybrid:Target+BE@3%,2.5,10,30,233,34,199,14.6,3.2,30.01,-1.38,44.74,-14.49,3.72,3.2,4465075,14465075,44.65,11.7,0.0,hybrid_breakeven=160; hybrid_sl=39; hybrid_target=34
B_TGTBE_T25_BE3_SL7,target_with_breakeven,"Hybrid=target_with_breakeven,T=25%,Trail=10%,SL=7%",Hybrid:Target+BE@3%,2.5,10,30,233,35,198,15.0,3.18,30.38,-1.63,44.74,-14.49,3.34,3.18,4419198,14419198,44.19,12.4,0.0,hybrid_breakeven=162; hybrid_sl=36; hybrid_target=35
B_TGTBE_T25_BE3_SL10,target_with_breakeven,"Hybrid=target_with_breakeven,T=25%,Trail=10%,SL=10%",Hybrid:Target+BE@3%,2.5,10,30,233,36,197,15.5,3.14,30.23,-1.81,44.74,-15.0,3.04,3.14,4351569,14351569,43.52,13.7,0.0,end_of_data=2; hybrid_breakeven=165; hybrid_sl=30; hybrid_target=36
B_TGTBE_T25_BE5_SL5,target_with_breakeven,"Hybrid=target_with_breakeven,T=25%,Trail=10%,SL=5%",Hybrid:Target+BE@5%,2.5,10,30,233,40,193,17.2,3.25,29.36,-2.16,44.74,-14.49,2.76,3.25,4539801,14539801,45.4,14.7,0.0,end_of_data=1; hybrid_breakeven=132; hybrid_sl=61; hybrid_target=39
B_TGTBE_T25_BE5_SL7,target_with_breakeven,"Hybrid=target_with_breakeven,T=25%,Trail=10%,SL=7%",Hybrid:Target+BE@5%,2.5,10,30,233,41,192,17.6,3.23,29.69,-2.42,44.74,-14.49,2.61,3.23,4489365,14489365,44.89,16.1,0.0,end_of_data=2; hybrid_breakeven=139; hybrid_sl=52; hybrid_target=40
B_TGTBE_T25_BE5_SL10,target_with_breakeven,"Hybrid=target_with_breakeven,T=25%,Trail=10%,SL=10%",Hybrid:Target+BE@5%,2.5,10,30,233,43,190,18.5,3.25,29.49,-2.69,44.74,-15.0,2.45,3.25,4523875,14523875,45.24,18.2,0.0,end_of_data=4; hybrid_breakeven=144; hybrid_sl=43; hybrid_target=42
B_TGTBE_T25_BE7_SL5,target_with_breakeven,"Hybrid=target_with_breakeven,T=25%,Trail=10%,SL=5%",Hybrid:Target+BE@7%,2.5,10,30,233,46,187,19.7,3.27,28.72,-2.99,44.74,-14.49,2.32,3.27,4564183,14564183,45.64,17.0,0.0,end_of_data=2; hybrid_breakeven=103; hybrid_sl=84; hybrid_target=44
B_TGTBE_T25_BE7_SL7,target_with_breakeven,"Hybrid=target_with_breakeven,T=25%,Trail=10%,SL=7%",Hybrid:Target+BE@7%,2.5,10,30,233,48,185,20.6,3.25,29.25,-3.49,44.74,-14.49,2.17,3.25,4517159,14517159,45.17,19.2,0.0,end_of_data=3; hybrid_breakeven=111; hybrid_sl=73; hybrid_target=46
B_TGTBE_T25_BE7_SL10,target_with_breakeven,"Hybrid=target_with_breakeven,T=25%,Trail=10%,SL=10%",Hybrid:Target+BE@7%,2.5,10,30,233,52,181,22.3,3.17,28.53,-4.12,44.74,-15.99,1.97,3.17,4364724,14364724,43.65,22.2,0.0,end_of_data=6; hybrid_breakeven=115; hybrid_sl=63; hybrid_target=49
B_TGTBE_T30_BE3_SL5,target_with_breakeven,"Hybrid=target_with_breakeven,T=30%,Trail=10%,SL=5%",Hybrid:Target+BE@3%,2.5,10,30,233,32,201,13.7,3.43,33.56,-1.36,44.74,-14.49,3.9,3.43,4847882,14847882,48.48,12.7,0.0,hybrid_breakeven=162; hybrid_sl=39; hybrid_target=32
B_TGTBE_T30_BE3_SL7,target_with_breakeven,"Hybrid=target_with_breakeven,T=30%,Trail=10%,SL=7%",Hybrid:Target+BE@3%,2.5,10,30,233,33,200,14.2,3.41,33.84,-1.61,44.74,-14.49,3.5,3.41,4800790,14800790,48.01,13.4,0.0,hybrid_breakeven=164; hybrid_sl=36; hybrid_target=33
B_TGTBE_T30_BE3_SL10,target_with_breakeven,"Hybrid=target_with_breakeven,T=30%,Trail=10%,SL=10%",Hybrid:Target+BE@3%,2.5,10,30,233,34,199,14.6,3.41,33.85,-1.79,44.74,-15.0,3.19,3.41,4795764,14795764,47.96,14.9,0.0,end_of_data=2; hybrid_breakeven=167; hybrid_sl=30; hybrid_target=34
B_TGTBE_T30_BE5_SL5,target_with_breakeven,"Hybrid=target_with_breakeven,T=30%,Trail=10%,SL=5%",Hybrid:Target+BE@5%,2.5,10,30,233,38,195,16.3,3.62,33.13,-2.13,44.74,-14.49,2.94,3.62,5155108,15155108,51.55,15.8,0.0,end_of_data=1; hybrid_breakeven=134; hybrid_sl=61; hybrid_target=37
B_TGTBE_T30_BE5_SL7,target_with_breakeven,"Hybrid=target_with_breakeven,T=30%,Trail=10%,SL=7%",Hybrid:Target+BE@5%,2.5,10,30,233,39,194,16.7,3.59,33.38,-2.4,44.74,-14.49,2.78,3.59,5102537,15102537,51.03,17.2,0.0,end_of_data=2; hybrid_breakeven=141; hybrid_sl=52; hybrid_target=38
B_TGTBE_T30_BE5_SL10,target_with_breakeven,"Hybrid=target_with_breakeven,T=30%,Trail=10%,SL=10%",Hybrid:Target+BE@5%,2.5,10,30,233,41,192,17.6,3.68,33.38,-2.66,44.74,-15.0,2.62,3.68,5256722,15256722,52.57,19.4,0.0,end_of_data=4; hybrid_breakeven=146; hybrid_sl=43; hybrid_target=40
B_TGTBE_T30_BE7_SL5,target_with_breakeven,"Hybrid=target_with_breakeven,T=30%,Trail=10%,SL=5%",Hybrid:Target+BE@7%,2.5,10,30,233,44,189,18.9,3.78,32.69,-2.95,44.74,-14.49,2.5,3.78,5425507,15425507,54.26,18.2,0.0,end_of_data=2; hybrid_breakeven=105; hybrid_sl=84; hybrid_target=42
B_TGTBE_T30_BE7_SL7,target_with_breakeven,"Hybrid=target_with_breakeven,T=30%,Trail=10%,SL=7%",Hybrid:Target+BE@7%,2.5,10,30,233,46,187,19.7,3.76,33.07,-3.46,44.74,-14.49,2.33,3.76,5375702,15375702,53.76,20.4,0.0,end_of_data=3; hybrid_breakeven=113; hybrid_sl=73; hybrid_target=44
B_TGTBE_T30_BE7_SL10,target_with_breakeven,"Hybrid=target_with_breakeven,T=30%,Trail=10%,SL=10%",Hybrid:Target+BE@7%,2.5,10,30,233,50,183,21.5,3.77,32.5,-4.07,44.74,-15.99,2.14,3.77,5398001,15398001,53.98,23.5,0.0,end_of_data=6; hybrid_breakeven=117; hybrid_sl=63; hybrid_target=47
B_BE3_FIX_T30_SL15,fixed_target,"T=30%,SL=15%",BE@3%,2.5,10,30,233,35,198,15.0,3.59,33.92,-1.78,44.74,-21.06,3.29,3.59,5099838,15099838,51.0,18.5,0.0,breakeven_stop=176; end_of_data=3; stop_loss=19; target_hit=35
B_BE5_FIX_T30_SL15,fixed_target,"T=30%,SL=15%",BE@5%,2.5,10,30,233,44,189,18.9,4.29,33.37,-2.48,44.74,-21.06,3.0,4.29,6369986,16369986,63.7,26.2,0.0,breakeven_stop=158; end_of_data=6; stop_loss=26; target_hit=43
B_BE7_FIX_T30_SL15,fixed_target,"T=30%,SL=15%",BE@7%,2.5,10,30,233,54,179,23.2,4.45,32.71,-4.08,44.74,-21.06,2.36,4.45,6641841,16641841,66.42,32.4,0.0,breakeven_stop=132; end_of_data=8; stop_loss=42; target_hit=51
B_BE3_FIX_T15_SL7,fixed_target,"T=15%,SL=7%",BE@3%,2.5,10,30,233,42,191,18.0,2.01,18.85,-1.69,25.7,-14.49,2.48,2.01,2615670,12615670,26.16,9.9,0.0,breakeven_stop=155; stop_loss=36; target_hit=42
B_BE5_FIX_T15_SL7,fixed_target,"T=15%,SL=7%",BE@5%,2.5,10,30,233,50,183,21.5,1.92,18.24,-2.54,25.7,-14.49,1.96,1.92,2467938,12467938,24.68,13.1,0.0,breakeven_stop=130; end_of_data=2; stop_loss=52; target_hit=49
B_BE7_FIX_T15_SL7,fixed_target,"T=15%,SL=7%",BE@7%,2.5,10,30,233,61,172,26.2,1.95,18.03,-3.76,27.11,-14.49,1.7,1.95,2502542,12502542,25.03,15.9,0.0,breakeven_stop=98; end_of_data=3; stop_loss=73; target_hit=59
B_TIGHTEN_T12_TO6_D15,trailing_sl,Trail=12%,TrailTighten:12%->6%@15d,2.5,10,30,233,107,126,45.9,3.44,15.03,-6.41,445.06,-12.0,1.92,3.44,4547735,14547735,45.48,14.3,-1.38,end_of_data=2; trailing_sl=231
B_TIGHTEN_T12_TO6_D20,trailing_sl,Trail=12%,TrailTighten:12%->6%@20d,2.5,10,30,233,105,128,45.1,3.45,15.49,-6.42,445.06,-12.0,1.9,3.45,4572219,14572219,45.72,15.4,-1.38,end_of_data=2; trailing_sl=231
B_TIGHTEN_T12_TO6_D25,trailing_sl,Trail=12%,TrailTighten:12%->6%@25d,2.5,10,30,233,104,129,44.6,3.14,15.17,-6.55,445.06,-12.0,1.79,3.14,4055614,14055614,40.56,16.1,-1.72,end_of_data=2; trailing_sl=231
B_TIGHTEN_T12_TO8_D15,trailing_sl,Trail=12%,TrailTighten:12%->8%@15d,2.5,10,30,233,107,126,45.9,6.03,20.83,-6.54,654.88,-12.0,2.51,6.03,8843744,18843744,88.44,16.5,-1.72,end_of_data=2; trailing_sl=231
B_TIGHTEN_T12_TO8_D20,trailing_sl,Trail=12%,TrailTighten:12%->8%@20d,2.5,10,30,233,104,129,44.6,5.94,21.4,-6.52,654.88,-12.0,2.46,5.94,8654922,18654922,86.55,17.2,-2.11,end_of_data=2; trailing_sl=231
B_TIGHTEN_T12_TO8_D25,trailing_sl,Trail=12%,TrailTighten:12%->8%@25d,2.5,10,30,233,105,128,45.1,5.93,21.32,-6.69,654.88,-12.0,2.42,5.93,8626184,18626184,86.26,17.9,-2.32,end_of_data=2; trailing_sl=231
B_TIGHTEN_T15_TO6_D15,trailing_sl,Trail=15%,TrailTighten:15%->6%@15d,2.5,10,30,233,112,121,48.1,4.62,17.26,-7.09,445.06,-15.0,2.1,4.62,6652160,16652160,66.52,18.4,-0.33,end_of_data=5; trailing_sl=228
B_TIGHTEN_T15_TO6_D20,trailing_sl,Trail=15%,TrailTighten:15%->6%@20d,2.5,10,30,233,112,121,48.1,4.68,17.82,-7.49,445.06,-15.0,2.04,4.68,6770048,16770048,67.7,20.5,-0.61,end_of_data=5; trailing_sl=228
B_TIGHTEN_T15_TO6_D25,trailing_sl,Trail=15%,TrailTighten:15%->6%@25d,2.5,10,30,233,110,123,47.2,4.63,18.53,-7.8,445.06,-15.0,1.97,4.63,6665302,16665302,66.65,22.4,-0.9,end_of_data=5; trailing_sl=228
B_TIGHTEN_T15_TO8_D15,trailing_sl,Trail=15%,TrailTighten:15%->8%@15d,2.5,10,30,233,111,122,47.6,6.88,22.56,-7.38,654.88,-15.0,2.48,6.88,10782220,20782220,107.82,21.2,-0.77,end_of_data=5; trailing_sl=228
B_TIGHTEN_T15_TO8_D20,trailing_sl,Trail=15%,TrailTighten:15%->8%@20d,2.5,10,30,233,109,124,46.8,6.98,23.6,-7.64,654.88,-15.0,2.42,6.98,11005735,21005735,110.06,22.9,-1.11,end_of_data=5; trailing_sl=228
B_TIGHTEN_T15_TO8_D25,trailing_sl,Trail=15%,TrailTighten:15%->8%@25d,2.5,10,30,233,110,123,47.2,7.24,24.26,-7.99,654.88,-15.0,2.42,7.24,11635841,21635841,116.36,24.8,-1.36,end_of_data=5; trailing_sl=228
C_TIGHT_T8_SL3_ATH5,fixed_target,"T=8%,SL=3%",TightTarget,2.5,5,30,175,67,108,38.3,1.27,11.87,-5.31,25.7,-14.53,1.38,1.27,1155258,11155258,11.55,8.5,-3.41,end_of_data=1; stop_loss=108; target_hit=66
C_TIGHT_T8_SL3_ATH7,fixed_target,"T=8%,SL=3%",TightTarget,2.5,7,30,191,76,115,39.8,1.57,11.91,-5.27,25.7,-14.53,1.48,1.57,1589809,11589809,15.9,9.9,-3.38,end_of_data=1; stop_loss=115; target_hit=75
C_TIGHT_T8_SL3_ATH10,fixed_target,"T=8%,SL=3%",TightTarget,2.5,10,30,233,94,139,40.3,1.83,12.2,-5.19,25.7,-14.53,1.58,1.83,2342637,12342637,23.43,9.0,-3.36,end_of_data=1; stop_loss=139; target_hit=93
C_TIGHT_T8_SL5_ATH5,fixed_target,"T=8%,SL=5%",TightTarget,2.5,5,30,175,87,88,49.7,2.39,11.81,-6.91,25.7,-14.53,1.65,2.39,2302750,12302750,23.03,12.6,-5.02,end_of_data=2; stop_loss=88; target_hit=85
C_TIGHT_T8_SL5_ATH7,fixed_target,"T=8%,SL=5%",TightTarget,2.5,7,30,191,96,95,50.3,2.54,11.85,-6.87,25.7,-14.53,1.7,2.54,2708168,12708168,27.08,13.8,3.27,end_of_data=2; stop_loss=95; target_hit=94
C_TIGHT_T8_SL5_ATH10,fixed_target,"T=8%,SL=5%",TightTarget,2.5,10,30,233,119,114,51.1,2.86,12.16,-6.85,25.7,-14.53,1.81,2.86,3910704,13910704,39.11,11.6,8.03,end_of_data=2; stop_loss=114; target_hit=117
C_TIGHT_T8_SL7_ATH5,fixed_target,"T=8%,SL=7%",TightTarget,2.5,5,30,175,98,77,56.0,2.74,11.84,-8.84,25.7,-14.53,1.67,2.74,2676787,12676787,26.77,16.5,8.36,end_of_data=3; stop_loss=76; target_hit=96
C_TIGHT_T8_SL7_ATH7,fixed_target,"T=8%,SL=7%",TightTarget,2.5,7,30,191,108,83,56.5,2.89,11.84,-8.75,25.7,-14.53,1.73,2.89,3145589,13145589,31.46,17.5,8.4,end_of_data=3; stop_loss=82; target_hit=106
C_TIGHT_T8_SL7_ATH10,fixed_target,"T=8%,SL=7%",TightTarget,2.5,10,30,233,132,101,56.7,3.05,12.12,-8.79,25.7,-14.53,1.77,3.05,4217980,14217980,42.18,14.9,8.4,end_of_data=3; stop_loss=100; target_hit=130
C_TIGHT_T10_SL3_ATH5,fixed_target,"T=10%,SL=3%",TightTarget,2.5,5,30,175,62,113,35.4,1.4,13.72,-5.35,25.7,-14.53,1.4,1.4,1284571,11284571,12.85,10.0,-3.52,end_of_data=2; stop_loss=113; target_hit=60
C_TIGHT_T10_SL3_ATH7,fixed_target,"T=10%,SL=3%",TightTarget,2.5,7,30,191,69,122,36.1,1.59,13.77,-5.29,25.7,-14.53,1.47,1.59,1617901,11617901,16.18,11.7,-3.49,end_of_data=3; stop_loss=122; target_hit=66
C_TIGHT_T10_SL3_ATH10,fixed_target,"T=10%,SL=3%",TightTarget,2.5,10,30,233,87,146,37.3,2.0,14.06,-5.19,25.7,-14.53,1.61,2.0,2588800,12588800,25.89,10.7,-3.49,end_of_data=3; stop_loss=146; target_hit=84
C_TIGHT_T10_SL5_ATH5,fixed_target,"T=10%,SL=5%",TightTarget,2.5,5,30,175,82,93,46.9,2.73,13.67,-6.92,25.7,-14.53,1.71,2.73,2662424,12662424,26.62,14.5,-5.18,end_of_data=3; stop_loss=93; target_hit=79
C_TIGHT_T10_SL5_ATH7,fixed_target,"T=10%,SL=5%",TightTarget,2.5,7,30,191,89,102,46.6,2.75,13.75,-6.85,25.7,-14.53,1.72,2.75,2959870,12959870,29.6,16.0,-5.23,end_of_data=4; stop_loss=102; target_hit=85
C_TIGHT_T10_SL5_ATH10,fixed_target,"T=10%,SL=5%",TightTarget,2.5,10,30,233,112,121,48.1,3.24,14.11,-6.82,25.7,-14.53,1.88,3.24,4536485,14536485,45.36,13.9,-5.09,end_of_data=4; stop_loss=121; target_hit=108
C_TIGHT_T10_SL7_ATH5,fixed_target,"T=10%,SL=7%",TightTarget,2.5,5,30,175,93,82,53.1,3.16,13.73,-8.84,25.7,-14.53,1.73,3.16,3140540,13140540,31.41,18.5,10.2,end_of_data=4; stop_loss=81; target_hit=90
C_TIGHT_T10_SL7_ATH7,fixed_target,"T=10%,SL=7%",TightTarget,2.5,7,30,191,102,89,53.4,3.27,13.74,-8.73,25.7,-14.53,1.77,3.27,3616353,13616353,36.16,19.9,10.2,end_of_data=5; stop_loss=88; target_hit=98
C_TIGHT_T10_SL7_ATH10,fixed_target,"T=10%,SL=7%",TightTarget,2.5,10,30,233,126,107,54.1,3.63,14.15,-8.77,25.7,-14.53,1.88,3.63,5190778,15190778,51.91,17.3,10.2,end_of_data=5; stop_loss=106; target_hit=122
C_TIGHT_T12_SL3_ATH5,fixed_target,"T=12%,SL=3%",TightTarget,2.5,5,30,175,59,116,33.7,1.8,15.86,-5.35,27.11,-14.53,1.5,1.8,1675400,11675400,16.75,11.1,-3.58,end_of_data=2; stop_loss=116; target_hit=57
C_TIGHT_T12_SL3_ATH7,fixed_target,"T=12%,SL=3%",TightTarget,2.5,7,30,191,66,125,34.6,2.05,15.95,-5.3,27.11,-14.53,1.58,2.05,2125219,12125219,21.25,14.1,-3.52,end_of_data=3; stop_loss=125; target_hit=63
C_TIGHT_T12_SL3_ATH10,fixed_target,"T=12%,SL=3%",TightTarget,2.5,10,30,233,84,149,36.1,2.47,16.06,-5.19,27.11,-14.53,1.74,2.47,3288541,13288541,32.89,12.8,-3.52,end_of_data=3; stop_loss=149; target_hit=81
C_TIGHT_T12_SL5_ATH5,fixed_target,"T=12%,SL=5%",TightTarget,2.5,5,30,175,78,97,44.6,3.15,15.65,-6.91,27.11,-14.53,1.78,3.15,3126984,13126984,31.27,18.4,-5.28,end_of_data=3; stop_loss=97; target_hit=75
C_TIGHT_T12_SL5_ATH7,fixed_target,"T=12%,SL=5%",TightTarget,2.5,7,30,191,85,106,44.5,3.2,15.71,-6.84,27.11,-14.53,1.81,3.2,3520697,13520697,35.21,20.9,-5.32,end_of_data=4; stop_loss=106; target_hit=81
C_TIGHT_T12_SL5_ATH10,fixed_target,"T=12%,SL=5%",TightTarget,2.5,10,30,233,107,126,45.9,3.64,15.94,-6.81,27.11,-14.53,1.95,3.64,5212724,15212724,52.13,16.3,-5.23,end_of_data=4; stop_loss=126; target_hit=103
C_TIGHT_T12_SL7_ATH5,fixed_target,"T=12%,SL=7%",TightTarget,2.5,5,30,175,89,86,50.9,3.67,15.71,-8.78,27.11,-14.53,1.82,3.67,3736607,13736607,37.37,23.3,6.94,end_of_data=4; stop_loss=85; target_hit=86
C_TIGHT_T12_SL7_ATH7,fixed_target,"T=12%,SL=7%",TightTarget,2.5,7,30,191,98,93,51.3,3.83,15.7,-8.69,27.11,-14.53,1.87,3.83,4352860,14352860,43.53,25.7,6.94,end_of_data=5; stop_loss=92; target_hit=94
C_TIGHT_T12_SL7_ATH10,fixed_target,"T=12%,SL=7%",TightTarget,2.5,10,30,233,121,112,51.9,4.11,15.98,-8.72,27.11,-14.53,1.96,4.11,6053574,16053574,60.54,20.6,12.06,end_of_data=5; stop_loss=111; target_hit=117
C_TIGHT_T15_SL3_ATH5,fixed_target,"T=15%,SL=3%",TightTarget,2.5,5,30,175,53,122,30.3,1.72,17.95,-5.33,27.11,-14.53,1.45,1.72,1591047,11591047,15.91,13.6,-3.71,end_of_data=2; stop_loss=122; target_hit=51
C_TIGHT_T15_SL3_ATH7,fixed_target,"T=15%,SL=3%",TightTarget,2.5,7,30,191,61,130,31.9,2.14,17.99,-5.29,27.11,-14.53,1.59,2.14,2231327,12231327,22.31,17.9,-3.67,end_of_data=3; stop_loss=130; target_hit=58
C_TIGHT_T15_SL3_ATH10,fixed_target,"T=15%,SL=3%",TightTarget,2.5,10,30,233,79,154,33.9,2.66,17.96,-5.19,27.11,-14.53,1.78,2.66,3577397,13577397,35.77,16.6,-3.63,end_of_data=3; stop_loss=154; target_hit=76
C_TIGHT_T15_SL5_ATH5,fixed_target,"T=15%,SL=5%",TightTarget,2.5,5,30,175,69,106,39.4,2.8,17.65,-6.86,27.11,-14.53,1.64,2.8,2733254,12733254,27.33,22.2,-5.39,end_of_data=3; stop_loss=106; target_hit=66
C_TIGHT_T15_SL5_ATH7,fixed_target,"T=15%,SL=5%",TightTarget,2.5,7,30,191,77,114,40.3,3.07,17.72,-6.82,27.11,-14.53,1.73,3.07,3358394,13358394,33.58,25.8,-5.35,end_of_data=4; stop_loss=114; target_hit=73
C_TIGHT_T15_SL5_ATH10,fixed_target,"T=15%,SL=5%",TightTarget,2.5,10,30,233,99,134,42.5,3.68,17.86,-6.79,27.87,-14.53,1.92,3.68,5283266,15283266,52.83,21.2,-5.33,end_of_data=4; stop_loss=134; target_hit=95
C_TIGHT_T15_SL7_ATH5,fixed_target,"T=15%,SL=7%",TightTarget,2.5,5,30,175,80,95,45.7,3.28,17.63,-8.81,27.11,-14.53,1.66,3.28,3267607,13267607,32.68,28.0,-7.07,end_of_data=4; stop_loss=94; target_hit=77
C_TIGHT_T15_SL7_ATH7,fixed_target,"T=15%,SL=7%",TightTarget,2.5,7,30,191,90,101,47.1,3.74,17.67,-8.68,27.11,-14.53,1.79,3.74,4224467,14224467,42.24,32.4,-7.07,end_of_data=5; stop_loss=100; target_hit=86
C_TIGHT_T15_SL7_ATH10,fixed_target,"T=15%,SL=7%",TightTarget,2.5,10,30,233,113,120,48.5,4.18,17.87,-8.71,27.87,-14.53,1.92,4.18,6177942,16177941,61.78,27.0,-7.04,end_of_data=5; stop_loss=119; target_hit=109
D_RSI7p50_LISTGAIN_FIX_T30_SL15,fixed_target,"T=30%,SL=15%",RSI7>50+ListGain,2.5,10,30,99,53,46,53.5,10.43,33.72,-16.41,49.96,-25.81,2.28,10.43,6599208,16599208,65.99,65.6,30.03,end_of_data=5; stop_loss=43; target_hit=51
D_RSI7p50_LISTGAIN_FIX_T15_SL7,fixed_target,"T=15%,SL=7%",RSI7>50+ListGain,2.5,10,30,99,44,55,44.4,3.02,18.06,-9.02,27.87,-14.53,1.59,3.02,1581601,11581601,15.82,20.1,-7.38,end_of_data=1; stop_loss=55; target_hit=43
D_RSI7p50_LISTGAIN_FIX_T20_SL10,fixed_target,"T=20%,SL=10%",RSI7>50+ListGain,2.5,10,30,99,49,50,49.5,6.23,24.76,-11.94,43.92,-21.83,1.96,6.23,3543393,13543393,35.43,32.3,-5.88,end_of_data=3; stop_loss=49; target_hit=47
D_RSI7p50_LISTGAIN_TRAIL_8PCT,trailing_sl,Trail=8%,RSI7>50+ListGain,2.5,10,30,99,41,58,41.4,0.45,6.66,-3.94,35.21,-8.0,1.19,0.45,220925,10220925,2.21,5.6,-1.09,trailing_sl=99
D_RSI7p55_LISTGAIN_FIX_T30_SL15,fixed_target,"T=30%,SL=15%",RSI7>55+ListGain,2.5,10,30,95,51,44,53.7,10.59,33.77,-16.27,49.96,-25.81,2.32,10.59,6389707,16389707,63.9,67.7,30.03,end_of_data=5; stop_loss=41; target_hit=49
D_RSI7p55_LISTGAIN_FIX_T15_SL7,fixed_target,"T=15%,SL=7%",RSI7>55+ListGain,2.5,10,30,95,42,53,44.2,2.89,17.94,-9.03,27.87,-14.53,1.56,2.89,1447149,11447149,14.47,20.7,-7.38,end_of_data=1; stop_loss=53; target_hit=41
D_RSI7p55_LISTGAIN_FIX_T20_SL10,fixed_target,"T=20%,SL=10%",RSI7>55+ListGain,2.5,10,30,95,47,48,49.5,6.19,24.7,-11.93,43.92,-21.83,1.96,6.19,3353589,13353589,33.54,33.0,-5.88,end_of_data=3; stop_loss=47; target_hit=45
D_RSI7p55_LISTGAIN_TRAIL_8PCT,trailing_sl,Trail=8%,RSI7>55+ListGain,2.5,10,30,95,39,56,41.1,0.08,5.84,-3.92,13.41,-8.0,1.03,0.08,35972,10035972,0.36,5.7,-1.09,trailing_sl=95
D_RSI7p60_LISTGAIN_FIX_T30_SL15,fixed_target,"T=30%,SL=15%",RSI7>60+ListGain,2.5,10,30,95,51,44,53.7,10.59,33.77,-16.27,49.96,-25.81,2.32,10.59,6389707,16389707,63.9,67.7,30.03,end_of_data=5; stop_loss=41; target_hit=49
D_RSI7p60_LISTGAIN_FIX_T15_SL7,fixed_target,"T=15%,SL=7%",RSI7>60+ListGain,2.5,10,30,95,42,53,44.2,2.89,17.94,-9.03,27.87,-14.53,1.56,2.89,1447149,11447149,14.47,20.7,-7.38,end_of_data=1; stop_loss=53; target_hit=41
D_RSI7p60_LISTGAIN_FIX_T20_SL10,fixed_target,"T=20%,SL=10%",RSI7>60+ListGain,2.5,10,30,95,47,48,49.5,6.19,24.7,-11.93,43.92,-21.83,1.96,6.19,3353589,13353589,33.54,33.0,-5.88,end_of_data=3; stop_loss=47; target_hit=45
D_RSI7p60_LISTGAIN_TRAIL_8PCT,trailing_sl,Trail=8%,RSI7>60+ListGain,2.5,10,30,95,39,56,41.1,0.08,5.84,-3.92,13.41,-8.0,1.03,0.08,35972,10035972,0.36,5.7,-1.09,trailing_sl=95
D_RSI7p50_BRK2_FIX_T30_SL15,fixed_target,"T=30%,SL=15%",RSI7>50+BRK>2%,2.5,10,30,167,87,80,52.1,9.33,33.17,-16.6,49.96,-30.03,2.06,9.33,11459207,21459208,114.59,65.1,30.01,end_of_data=7; stop_loss=76; target_hit=84
D_RSI7p50_BRK2_FIX_T15_SL7,fixed_target,"T=15%,SL=7%",RSI7>50+BRK>2%,2.5,10,30,167,79,88,47.3,3.78,17.79,-8.8,27.87,-14.53,1.79,3.78,3652959,13652959,36.53,20.5,-7.07,end_of_data=3; stop_loss=87; target_hit=77
D_RSI7p50_BRK3_FIX_T30_SL15,fixed_target,"T=30%,SL=15%",RSI7>50+BRK>3%,2.5,10,30,131,72,59,55.0,10.88,33.55,-16.79,49.96,-30.03,2.3,10.88,10136178,20136178,101.36,60.3,30.18,end_of_data=4; stop_loss=57; target_hit=70
D_RSI7p50_BRK3_FIX_T15_SL7,fixed_target,"T=15%,SL=7%",RSI7>50+BRK>3%,2.5,10,30,131,64,67,48.9,4.3,18.08,-8.86,27.87,-14.53,1.93,4.3,3206539,13206539,32.07,19.7,-7.04,end_of_data=2; stop_loss=66; target_hit=63
D_RSI7p55_BRK2_FIX_T30_SL15,fixed_target,"T=30%,SL=15%",RSI7>55+BRK>2%,2.5,10,30,160,82,78,51.2,8.94,33.17,-16.53,49.96,-30.03,2.01,8.94,10158056,20158056,101.58,66.4,4.8,end_of_data=7; stop_loss=74; target_hit=79
D_RSI7p55_BRK2_FIX_T15_SL7,fixed_target,"T=15%,SL=7%",RSI7>55+BRK>2%,2.5,10,30,160,74,86,46.2,3.51,17.81,-8.8,27.87,-14.53,1.72,3.51,3186108,13186108,31.86,21.2,-7.08,end_of_data=3; stop_loss=85; target_hit=72
D_RSI7p55_BRK3_FIX_T30_SL15,fixed_target,"T=30%,SL=15%",RSI7>55+BRK>3%,2.5,10,30,124,67,57,54.0,10.47,33.59,-16.7,49.96,-30.03,2.23,10.47,8915246,18915246,89.15,61.7,30.1,end_of_data=4; stop_loss=55; target_hit=65
D_RSI7p55_BRK3_FIX_T15_SL7,fixed_target,"T=15%,SL=7%",RSI7>55+BRK>3%,2.5,10,30,124,59,65,47.6,3.98,18.13,-8.87,27.87,-14.53,1.84,3.98,2754952,12754952,27.55,20.5,-7.05,end_of_data=2; stop_loss=64; target_hit=58
D_RSI7p60_BRK2_FIX_T30_SL15,fixed_target,"T=30%,SL=15%",RSI7>60+BRK>2%,2.5,10,30,160,82,78,51.2,8.94,33.17,-16.53,49.96,-30.03,2.01,8.94,10158056,20158056,101.58,66.4,4.8,end_of_data=7; stop_loss=74; target_hit=79
D_RSI7p60_BRK2_FIX_T15_SL7,fixed_target,"T=15%,SL=7%",RSI7>60+BRK>2%,2.5,10,30,160,74,86,46.2,3.51,17.81,-8.8,27.87,-14.53,1.72,3.51,3186108,13186108,31.86,21.2,-7.08,end_of_data=3; stop_loss=85; target_hit=72
D_RSI7p60_BRK3_FIX_T30_SL15,fixed_target,"T=30%,SL=15%",RSI7>60+BRK>3%,2.5,10,30,124,67,57,54.0,10.47,33.59,-16.7,49.96,-30.03,2.23,10.47,8915246,18915246,89.15,61.7,30.1,end_of_data=4; stop_loss=55; target_hit=65
D_RSI7p60_BRK3_FIX_T15_SL7,fixed_target,"T=15%,SL=7%",RSI7>60+BRK>3%,2.5,10,30,124,59,65,47.6,3.98,18.13,-8.87,27.87,-14.53,1.84,3.98,2754952,12754952,27.55,20.5,-7.05,end_of_data=2; stop_loss=64; target_hit=58
D_RSI7p50_ABVAVG_FIX_T30_SL15,fixed_target,"T=30%,SL=15%",RSI7>50+AbvAvg,2.5,10,30,233,125,108,53.6,10.08,32.99,-16.44,49.96,-30.03,2.22,10.08,21669587,31669587,216.7,82.6,30.08,end_of_data=12; stop_loss=102; target_hit=119
D_RSI7p50_ABVAVG_FIX_T15_SL7,fixed_target,"T=15%,SL=7%",RSI7>50+AbvAvg,2.5,10,30,233,113,120,48.5,4.18,17.87,-8.71,27.87,-14.53,1.92,4.18,6177942,16177941,61.78,27.0,-7.04,end_of_data=5; stop_loss=119; target_hit=109
D_RSI7p55_ABVAVG_FIX_T30_SL15,fixed_target,"T=30%,SL=15%",RSI7>55+AbvAvg,2.5,10,30,226,120,106,53.1,9.83,32.98,-16.38,49.96,-30.03,2.18,9.83,19749342,29749342,197.49,84.1,30.02,end_of_data=12; stop_loss=100; target_hit=114
D_RSI7p55_ABVAVG_FIX_T15_SL7,fixed_target,"T=15%,SL=7%",RSI7>55+AbvAvg,2.5,10,30,226,108,118,47.8,4.0,17.88,-8.71,27.87,-14.53,1.87,4.0,5624751,15624751,56.25,27.7,-7.05,end_of_data=5; stop_loss=117; target_hit=104
D_LISTGAIN_BRK2_FIX_T30_SL15,fixed_target,"T=30%,SL=15%",ListGain+BRK>2%,2.5,10,30,79,44,35,55.7,11.17,33.26,-16.61,49.96,-25.81,2.44,11.17,5425658,15425658,54.26,60.9,30.08,end_of_data=4; stop_loss=33; target_hit=42
D_LISTGAIN_BRK2_FIX_T15_SL7,fixed_target,"T=15%,SL=7%",ListGain+BRK>2%,2.5,10,30,79,37,42,46.8,3.7,18.23,-9.1,27.87,-14.53,1.75,3.7,1548414,11548414,15.48,17.9,-7.38,end_of_data=1; stop_loss=42; target_hit=36
D_LISTGAIN_BRK3_FIX_T30_SL15,fixed_target,"T=30%,SL=15%",ListGain+BRK>3%,2.5,10,30,64,39,25,60.9,13.98,33.95,-17.17,49.96,-25.81,2.95,13.98,5538587,15538587,55.39,53.8,30.28,end_of_data=1; stop_loss=25; target_hit=38
D_LISTGAIN_BRK3_FIX_T15_SL7,fixed_target,"T=15%,SL=7%",ListGain+BRK>3%,2.5,10,30,64,31,33,48.4,4.3,18.83,-9.34,27.87,-14.53,1.88,4.3,1455052,11455052,14.55,15.1,-7.44,stop_loss=33; target_hit=31
D_LISTGAIN_BRK5_FIX_T30_SL15,fixed_target,"T=30%,SL=15%",ListGain+BRK>5%,2.5,10,30,47,28,19,59.6,12.72,33.09,-17.3,43.92,-25.81,2.77,12.72,3421210,13421210,34.21,49.8,30.18,end_of_data=1; stop_loss=19; target_hit=27
D_LISTGAIN_BRK5_FIX_T15_SL7,fixed_target,"T=15%,SL=7%",ListGain+BRK>5%,2.5,10,30,47,23,24,48.9,4.67,19.13,-9.19,27.87,-14.53,1.99,4.67,1144311,11144311,11.44,14.6,-7.38,stop_loss=24; target_hit=23
D_RSI7p50_LISTGAIN_HYB_T15_TR8,target_or_trail,"Hybrid=target_or_trail,T=15%,Trail=8%,SL=7%",RSI7>50+ListGain+Hybrid,2.5,10,30,99,41,58,41.4,1.15,9.07,-4.45,20.99,-13.63,1.43,1.15,574802,10574802,5.75,5.4,-1.09,hybrid_sl=13; hybrid_target=14; hybrid_trail=72
D_RSI7p50_LISTGAIN_HYB_T15_TR10,target_or_trail,"Hybrid=target_or_trail,T=15%,Trail=10%,SL=7%",RSI7>50+ListGain+Hybrid,2.5,10,30,99,34,65,34.3,0.76,12.73,-5.5,25.75,-13.63,1.2,0.76,371549,10371549,3.72,8.1,-2.73,hybrid_sl=19; hybrid_target=20; hybrid_trail=60
D_RSI7p50_LISTGAIN_HYB_T20_TR8,target_or_trail,"Hybrid=target_or_trail,T=20%,Trail=8%,SL=7%",RSI7>50+ListGain+Hybrid,2.5,10,30,99,41,58,41.4,0.08,6.49,-4.45,20.99,-13.63,1.03,0.08,34947,10034947,0.35,5.6,-1.09,hybrid_sl=13; hybrid_target=2; hybrid_trail=84
D_RSI7p50_LISTGAIN_HYB_T20_TR10,target_or_trail,"Hybrid=target_or_trail,T=20%,Trail=10%,SL=7%",RSI7>50+ListGain+Hybrid,2.5,10,30,99,34,65,34.3,0.11,10.83,-5.5,31.99,-13.63,1.02,0.11,43573,10043573,0.44,8.5,-2.73,hybrid_sl=19; hybrid_target=10; hybrid_trail=70
D_RSI7p55_LISTGAIN_HYB_T15_TR8,target_or_trail,"Hybrid=target_or_trail,T=15%,Trail=8%,SL=7%",RSI7>55+ListGain+Hybrid,2.5,10,30,95,39,56,41.1,0.86,8.48,-4.45,20.65,-13.63,1.32,0.86,406818,10406818,4.07,5.6,-1.09,hybrid_sl=13; hybrid_target=12; hybrid_trail=70
D_RSI7p55_LISTGAIN_HYB_T15_TR10,target_or_trail,"Hybrid=target_or_trail,T=15%,Trail=10%,SL=7%",RSI7>55+ListGain+Hybrid,2.5,10,30,95,32,63,33.7,0.54,12.24,-5.4,25.75,-13.63,1.14,0.54,248942,10248942,2.49,8.2,-2.73,hybrid_sl=18; hybrid_target=18; hybrid_trail=59
D_RSI7p55_LISTGAIN_HYB_T20_TR8,target_or_trail,"Hybrid=target_or_trail,T=20%,Trail=8%,SL=7%",RSI7>55+ListGain+Hybrid,2.5,10,30,95,39,56,41.1,-0.15,6.02,-4.45,20.65,-13.63,0.94,-0.15,-77320,9922680,-0.77,5.7,-1.09,hybrid_sl=13; hybrid_target=1; hybrid_trail=81
D_RSI7p55_LISTGAIN_HYB_T20_TR10,target_or_trail,"Hybrid=target_or_trail,T=20%,Trail=10%,SL=7%",RSI7>55+ListGain+Hybrid,2.5,10,30,95,32,63,33.7,-0.26,9.86,-5.4,31.99,-13.63,0.92,-0.26,-133002,9866998,-1.33,8.7,-2.73,hybrid_sl=18; hybrid_target=8; hybrid_trail=69
D_RSI7p60_LISTGAIN_HYB_T15_TR8,target_or_trail,"Hybrid=target_or_trail,T=15%,Trail=8%,SL=7%",RSI7>60+ListGain+Hybrid,2.5,10,30,95,39,56,41.1,0.86,8.48,-4.45,20.65,-13.63,1.32,0.86,406818,10406818,4.07,5.6,-1.09,hybrid_sl=13; hybrid_target=12; hybrid_trail=70
D_RSI7p60_LISTGAIN_HYB_T15_TR10,target_or_trail,"Hybrid=target_or_trail,T=15%,Trail=10%,SL=7%",RSI7>60+ListGain+Hybrid,2.5,10,30,95,32,63,33.7,0.54,12.24,-5.4,25.75,-13.63,1.14,0.54,248942,10248942,2.49,8.2,-2.73,hybrid_sl=18; hybrid_target=18; hybrid_trail=59
D_RSI7p60_LISTGAIN_HYB_T20_TR8,target_or_trail,"Hybrid=target_or_trail,T=20%,Trail=8%,SL=7%",RSI7>60+ListGain+Hybrid,2.5,10,30,95,39,56,41.1,-0.15,6.02,-4.45,20.65,-13.63,0.94,-0.15,-77320,9922680,-0.77,5.7,-1.09,hybrid_sl=13; hybrid_target=1; hybrid_trail=81
D_RSI7p60_LISTGAIN_HYB_T20_TR10,target_or_trail,"Hybrid=target_or_trail,T=20%,Trail=10%,SL=7%",RSI7>60+ListGain+Hybrid,2.5,10,30,95,32,63,33.7,-0.26,9.86,-5.4,31.99,-13.63,0.92,-0.26,-133002,9866998,-1.33,8.7,-2.73,hybrid_sl=18; hybrid_target=8; hybrid_trail=69
D_RSI7p50_LG_BRK2_FIX_T30_SL15,fixed_target,"T=30%,SL=15%",RSI7>50+LG+BRK>2%,2.5,10,30,79,44,35,55.7,11.17,33.26,-16.61,49.96,-25.81,2.44,11.17,5425658,15425658,54.26,60.9,30.08,end_of_data=4; stop_loss=33; target_hit=42
D_RSI7p50_LG_BRK2_FIX_T15_SL7,fixed_target,"T=15%,SL=7%",RSI7>50+LG+BRK>2%,2.5,10,30,79,37,42,46.8,3.7,18.23,-9.1,27.87,-14.53,1.75,3.7,1548414,11548414,15.48,17.9,-7.38,end_of_data=1; stop_loss=42; target_hit=36
D_RSI7p50_LG_BRK3_FIX_T30_SL15,fixed_target,"T=30%,SL=15%",RSI7>50+LG+BRK>3%,2.5,10,30,64,39,25,60.9,13.98,33.95,-17.17,49.96,-25.81,2.95,13.98,5538587,15538587,55.39,53.8,30.28,end_of_data=1; stop_loss=25; target_hit=38
D_RSI7p50_LG_BRK3_FIX_T15_SL7,fixed_target,"T=15%,SL=7%",RSI7>50+LG+BRK>3%,2.5,10,30,64,31,33,48.4,4.3,18.83,-9.34,27.87,-14.53,1.88,4.3,1455052,11455052,14.55,15.1,-7.44,stop_loss=33; target_hit=31
D_RSI7p55_LG_BRK2_FIX_T30_SL15,fixed_target,"T=30%,SL=15%",RSI7>55+LG+BRK>2%,2.5,10,30,75,42,33,56.0,11.41,33.29,-16.43,49.96,-25.81,2.5,11.41,5230969,15230969,52.31,63.3,30.08,end_of_data=4; stop_loss=31; target_hit=40
D_RSI7p55_LG_BRK2_FIX_T15_SL7,fixed_target,"T=15%,SL=7%",RSI7>55+LG+BRK>2%,2.5,10,30,75,35,40,46.7,3.58,18.1,-9.12,27.87,-14.53,1.72,3.58,1414346,11414347,14.14,18.6,-7.38,end_of_data=1; stop_loss=40; target_hit=34
D_RSI7p55_LG_BRK3_FIX_T30_SL15,fixed_target,"T=30%,SL=15%",RSI7>55+LG+BRK>3%,2.5,10,30,60,37,23,61.7,14.48,34.03,-16.96,49.96,-25.81,3.08,14.48,5342472,15342472,53.42,56.3,30.28,end_of_data=1; stop_loss=23; target_hit=36
D_RSI7p55_LG_BRK3_FIX_T15_SL7,fixed_target,"T=15%,SL=7%",RSI7>55+LG+BRK>3%,2.5,10,30,60,29,31,48.3,4.19,18.71,-9.39,27.87,-14.53,1.85,4.19,1322069,11322069,13.22,15.8,-7.44,stop_loss=31; target_hit=29
D_RSI7p60_LG_BRK2_FIX_T30_SL15,fixed_target,"T=30%,SL=15%",RSI7>60+LG+BRK>2%,2.5,10,30,75,42,33,56.0,11.41,33.29,-16.43,49.96,-25.81,2.5,11.41,5230969,15230969,52.31,63.3,30.08,end_of_data=4; stop_loss=31; target_hit=40
D_RSI7p60_LG_BRK2_FIX_T15_SL7,fixed_target,"T=15%,SL=7%",RSI7>60+LG+BRK>2%,2.5,10,30,75,35,40,46.7,3.58,18.1,-9.12,27.87,-14.53,1.72,3.58,1414346,11414347,14.14,18.6,-7.38,end_of_data=1; stop_loss=40; target_hit=34
D_RSI7p60_LG_BRK3_FIX_T30_SL15,fixed_target,"T=30%,SL=15%",RSI7>60+LG+BRK>3%,2.5,10,30,60,37,23,61.7,14.48,34.03,-16.96,49.96,-25.81,3.08,14.48,5342472,15342472,53.42,56.3,30.28,end_of_data=1; stop_loss=23; target_hit=36
D_RSI7p60_LG_BRK3_FIX_T15_SL7,fixed_target,"T=15%,SL=7%",RSI7>60+LG+BRK>3%,2.5,10,30,60,29,31,48.3,4.19,18.71,-9.39,27.87,-14.53,1.85,4.19,1322069,11322069,13.22,15.8,-7.44,stop_loss=31; target_hit=29
D_RSI7p50_EMA5_FIX_T30_SL15,fixed_target,"T=30%,SL=15%",RSI7>50+EMA5,2.5,10,30,233,125,108,53.6,10.08,32.99,-16.44,49.96,-30.03,2.22,10.08,21669587,31669587,216.7,82.6,30.08,end_of_data=12; stop_loss=102; target_hit=119
D_RSI7p50_EMA5_FIX_T15_SL7,fixed_target,"T=15%,SL=7%",RSI7>50+EMA5,2.5,10,30,233,113,120,48.5,4.18,17.87,-8.71,27.87,-14.53,1.92,4.18,6177942,16177941,61.78,27.0,-7.04,end_of_data=5; stop_loss=119; target_hit=109
D_RSI7p55_EMA5_FIX_T30_SL15,fixed_target,"T=30%,SL=15%",RSI7>55+EMA5,2.5,10,30,226,120,106,53.1,9.83,32.98,-16.38,49.96,-30.03,2.18,9.83,19749342,29749342,197.49,84.1,30.02,end_of_data=12; stop_loss=100; target_hit=114
D_RSI7p55_EMA5_FIX_T15_SL7,fixed_target,"T=15%,SL=7%",RSI7>55+EMA5,2.5,10,30,226,108,118,47.8,4.0,17.88,-8.71,27.87,-14.53,1.87,4.0,5624751,15624751,56.25,27.7,-7.05,end_of_data=5; stop_loss=117; target_hit=104
D_LG_BRK0_TGTBE_T15_BE3,target_with_breakeven,"Hybrid=target_with_breakeven,T=15%,Trail=10%,SL=7%",LG+BRK>0%+TgtBE,2.5,10,30,99,20,79,20.2,2.16,18.47,-1.98,20.99,-12.75,2.37,2.16,1114244,11114244,11.14,4.3,0.0,hybrid_breakeven=62; hybrid_sl=17; hybrid_target=20
D_LG_BRK0_TGTBE_T15_BE5,target_with_breakeven,"Hybrid=target_with_breakeven,T=15%,Trail=10%,SL=7%",LG+BRK>0%+TgtBE,2.5,10,30,99,23,76,23.2,1.92,18.12,-2.98,20.99,-13.63,1.82,1.92,983572,10983572,9.84,7.8,0.0,hybrid_breakeven=51; hybrid_sl=25; hybrid_target=23
D_LG_BRK0_TGTBE_T20_BE3,target_with_breakeven,"Hybrid=target_with_breakeven,T=20%,Trail=10%,SL=7%",LG+BRK>0%+TgtBE,2.5,10,30,99,16,83,16.2,2.59,25.77,-1.88,31.99,-12.75,2.65,2.59,1349698,11349698,13.5,5.1,0.0,hybrid_breakeven=66; hybrid_sl=17; hybrid_target=16
D_LG_BRK0_TGTBE_T20_BE5,target_with_breakeven,"Hybrid=target_with_breakeven,T=20%,Trail=10%,SL=7%",LG+BRK>0%+TgtBE,2.5,10,30,99,18,81,18.2,2.32,25.34,-2.8,31.99,-13.63,1.99,2.32,1196169,11196169,11.96,9.1,0.0,hybrid_breakeven=56; hybrid_sl=25; hybrid_target=18
D_LG_BRK2_TGTBE_T15_BE3,target_with_breakeven,"Hybrid=target_with_breakeven,T=15%,Trail=10%,SL=7%",LG+BRK>2%+TgtBE,2.5,10,30,79,17,62,21.5,2.58,18.73,-1.84,20.99,-12.75,2.79,2.58,1063964,11063964,10.64,3.9,0.0,hybrid_breakeven=50; hybrid_sl=12; hybrid_target=17
D_LG_BRK2_TGTBE_T15_BE5,target_with_breakeven,"Hybrid=target_with_breakeven,T=15%,Trail=10%,SL=7%",LG+BRK>2%+TgtBE,2.5,10,30,79,19,60,24.1,2.18,18.42,-2.96,20.99,-13.63,1.95,2.18,886810,10886810,8.87,7.5,0.0,hybrid_breakeven=41; hybrid_sl=19; hybrid_target=19
D_LG_BRK2_TGTBE_T20_BE3,target_with_breakeven,"Hybrid=target_with_breakeven,T=20%,Trail=10%,SL=7%",LG+BRK>2%+TgtBE,2.5,10,30,79,15,64,19.0,3.5,26.07,-1.79,31.99,-12.75,3.43,3.5,1466834,11466834,14.67,4.3,0.0,hybrid_breakeven=52; hybrid_sl=12; hybrid_target=15
D_LG_BRK2_TGTBE_T20_BE5,target_with_breakeven,"Hybrid=target_with_breakeven,T=20%,Trail=10%,SL=7%",LG+BRK>2%+TgtBE,2.5,10,30,79,16,63,20.3,2.99,25.88,-2.82,31.99,-13.63,2.31,2.99,1235307,11235307,12.35,8.2,0.0,hybrid_breakeven=44; hybrid_sl=19; hybrid_target=16
D_ADX7p15_RSI7p50_FIX_T30_SL15,fixed_target,"T=30%,SL=15%",ADX7>15+RSI7>50,2.5,10,30,232,125,107,53.9,10.19,32.99,-16.45,49.96,-30.03,2.24,10.19,21916322,31916322,219.16,82.9,30.09,end_of_data=12; stop_loss=101; target_hit=119
D_ADX7p15_RSI7p50_FIX_T15_SL7,fixed_target,"T=15%,SL=7%",ADX7>15+RSI7>50,2.5,10,30,232,113,119,48.7,4.23,17.87,-8.72,27.87,-14.53,1.94,4.23,6238685,16238685,62.39,27.1,-7.03,end_of_data=5; stop_loss=118; target_hit=109
D_ADX7p15_RSI7p55_FIX_T30_SL15,fixed_target,"T=30%,SL=15%",ADX7>15+RSI7>55,2.5,10,30,225,120,105,53.3,9.94,32.98,-16.39,49.96,-30.03,2.2,9.94,19981117,29981117,199.81,84.4,30.03,end_of_data=12; stop_loss=99; target_hit=114
D_ADX7p15_RSI7p55_FIX_T15_SL7,fixed_target,"T=15%,SL=7%",ADX7>15+RSI7>55,2.5,10,30,225,108,117,48.0,4.05,17.88,-8.72,27.87,-14.53,1.89,4.05,5683417,15683417,56.83,27.8,-7.04,end_of_data=5; stop_loss=116; target_hit=104
D_ADX7p20_RSI7p50_FIX_T30_SL15,fixed_target,"T=30%,SL=15%",ADX7>20+RSI7>50,2.5,10,30,232,125,107,53.9,10.19,32.99,-16.45,49.96,-30.03,2.24,10.19,21916322,31916322,219.16,82.9,30.09,end_of_data=12; stop_loss=101; target_hit=119
D_ADX7p20_RSI7p50_FIX_T15_SL7,fixed_target,"T=15%,SL=7%",ADX7>20+RSI7>50,2.5,10,30,232,113,119,48.7,4.23,17.87,-8.72,27.87,-14.53,1.94,4.23,6238685,16238685,62.39,27.1,-7.03,end_of_data=5; stop_loss=118; target_hit=109
D_ADX7p20_RSI7p55_FIX_T30_SL15,fixed_target,"T=30%,SL=15%",ADX7>20+RSI7>55,2.5,10,30,225,120,105,53.3,9.94,32.98,-16.39,49.96,-30.03,2.2,9.94,19981117,29981117,199.81,84.4,30.03,end_of_data=12; stop_loss=99; target_hit=114
D_ADX7p20_RSI7p55_FIX_T15_SL7,fixed_target,"T=15%,SL=7%",ADX7>20+RSI7>55,2.5,10,30,225,108,117,48.0,4.05,17.88,-8.72,27.87,-14.53,1.89,4.05,5683417,15683417,56.83,27.8,-7.04,end_of_data=5; stop_loss=116; target_hit=104
D_ALL_RSI7p55_LG_BRK2_EMA5_FIX_T30_SL15,fixed_target,"T=30%,SL=15%",RSI7>55+LG+BRK2+EMA5,2.5,10,30,75,42,33,56.0,11.41,33.29,-16.43,49.96,-25.81,2.5,11.41,5230969,15230969,52.31,63.3,30.08,end_of_data=4; stop_loss=31; target_hit=40
D_ALL_RSI7p55_LG_BRK2_EMA5_FIX_T15_SL7,fixed_target,"T=15%,SL=7%",RSI7>55+LG+BRK2+EMA5,2.5,10,30,75,35,40,46.7,3.58,18.1,-9.12,27.87,-14.53,1.72,3.58,1414346,11414347,14.14,18.6,-7.38,end_of_data=1; stop_loss=40; target_hit=34
D_MAXAGE25_FIX_T30_SL15,fixed_target,"T=30%,SL=15%",MaxAge=25d,2.5,10,30,137,69,68,50.4,9.02,34.28,-16.62,49.96,-30.03,2.02,9.02,8312744,18312744,83.13,73.4,6.33,end_of_data=4; stop_loss=65; target_hit=68
D_MAXAGE30_FIX_T30_SL15,fixed_target,"T=30%,SL=15%",MaxAge=30d,2.5,10,30,165,89,76,53.9,10.14,32.94,-16.55,49.96,-30.03,2.26,10.14,12742804,22742804,127.43,74.9,30.1,end_of_data=8; stop_loss=72; target_hit=85
D_MAXAGE35_FIX_T30_SL15,fixed_target,"T=30%,SL=15%",MaxAge=35d,2.5,10,30,178,94,84,52.8,9.69,33.05,-16.45,49.96,-30.03,2.17,9.69,13308224,23308224,133.08,77.8,30.02,end_of_data=9; stop_loss=79; target_hit=90
D_MAXAGE25_FIX_T15_SL7,fixed_target,"T=15%,SL=7%",MaxAge=25d,2.5,10,30,137,60,77,43.8,3.07,18.25,-8.77,27.87,-14.53,1.61,3.07,2296332,12296332,22.96,23.7,-7.23,end_of_data=1; stop_loss=77; target_hit=59
D_MAXAGE30_FIX_T15_SL7,fixed_target,"T=15%,SL=7%",MaxAge=30d,2.5,10,30,165,76,89,46.1,3.61,18.14,-8.8,27.87,-14.53,1.75,3.61,3411221,13411221,34.11,24.9,-7.15,end_of_data=2; stop_loss=89; target_hit=74
D_MAXAGE35_FIX_T15_SL7,fixed_target,"T=15%,SL=7%",MaxAge=35d,2.5,10,30,178,81,97,45.5,3.53,18.28,-8.78,27.87,-14.53,1.73,3.53,3630986,13630986,36.31,24.3,-7.19,end_of_data=2; stop_loss=97; target_hit=79
D_MAXAGE25_RSI7p55_LG_FIX_T30_SL15,fixed_target,"T=30%,SL=15%",MaxAge25+RSI7>55+LG,2.5,10,30,55,26,29,47.3,8.35,36.02,-16.47,49.96,-25.81,1.91,8.35,2513942,12513942,25.14,63.1,-15.01,end_of_data=1; stop_loss=28; target_hit=26
D_MAXAGE25_RSI7p55_LG_FIX_T15_SL7,fixed_target,"T=15%,SL=7%",MaxAge25+RSI7>55+LG,2.5,10,30,55,19,36,34.5,0.54,19.01,-9.22,27.87,-14.53,1.08,0.54,135302,10135302,1.35,15.2,-7.65,stop_loss=36; target_hit=19
D_MAXAGE30_RSI7p55_LG_FIX_T30_SL15,fixed_target,"T=30%,SL=15%",MaxAge30+RSI7>55+LG,2.5,10,30,66,35,31,53.0,10.39,34.13,-16.4,49.96,-25.81,2.29,10.39,4002791,14002791,40.03,63.7,30.05,end_of_data=3; stop_loss=29; target_hit=34
D_MAXAGE30_RSI7p55_LG_FIX_T15_SL7,fixed_target,"T=15%,SL=7%",MaxAge30+RSI7>55+LG,2.5,10,30,66,26,40,39.4,1.78,18.61,-9.16,27.87,-14.53,1.31,1.78,589422,10589422,5.89,16.4,-7.61,stop_loss=40; target_hit=26
D_BRK3_LG_FIX_T30_SL15,fixed_target,"T=30%,SL=15%",BRK>3%+LG,2.5,10,30,64,39,25,60.9,13.98,33.95,-17.17,49.96,-25.81,2.95,13.98,5538587,15538587,55.39,53.8,30.28,end_of_data=1; stop_loss=25; target_hit=38
D_BRK3_LG_FIX_T15_SL7,fixed_target,"T=15%,SL=7%",BRK>3%+LG,2.5,10,30,64,31,33,48.4,4.3,18.83,-9.34,27.87,-14.53,1.88,4.3,1455052,11455052,14.55,15.1,-7.44,stop_loss=33; target_hit=31
D_BRK3_LG_FIX_T20_SL10,fixed_target,"T=20%,SL=10%",BRK>3%+LG,2.5,10,30,64,35,29,54.7,8.31,25.29,-12.2,43.92,-17.52,2.4,8.31,2998830,12998830,29.99,25.9,20.62,end_of_data=1; stop_loss=29; target_hit=34
D_BRK5_LG_FIX_T30_SL15,fixed_target,"T=30%,SL=15%",BRK>5%+LG,2.5,10,30,47,28,19,59.6,12.72,33.09,-17.3,43.92,-25.81,2.77,12.72,3421210,13421210,34.21,49.8,30.18,end_of_data=1; stop_loss=19; target_hit=27
D_BRK5_LG_FIX_T15_SL7,fixed_target,"T=15%,SL=7%",BRK>5%+LG,2.5,10,30,47,23,24,48.9,4.67,19.13,-9.19,27.87,-14.53,1.99,4.67,1144311,11144311,11.44,14.6,-7.38,stop_loss=24; target_hit=23
D_BRK5_LG_FIX_T20_SL10,fixed_target,"T=20%,SL=10%",BRK>5%+LG,2.5,10,30,47,25,22,53.2,7.81,25.52,-12.32,43.92,-17.52,2.31,7.81,1983924,11983924,19.84,25.9,20.6,end_of_data=1; stop_loss=22; target_hit=24
D_BRK7_LG_FIX_T30_SL15,fixed_target,"T=30%,SL=15%",BRK>7%+LG,2.5,10,30,31,20,11,64.5,16.17,34.93,-17.95,43.92,-25.81,3.42,16.17,2802883,12802883,28.03,51.3,31.8,stop_loss=11; target_hit=20
D_BRK7_LG_FIX_T15_SL7,fixed_target,"T=15%,SL=7%",BRK>7%+LG,2.5,10,30,31,16,15,51.6,5.58,19.67,-9.44,27.87,-14.53,2.21,5.58,893464,10893464,8.93,10.3,15.46,stop_loss=15; target_hit=16
D_BRK7_LG_FIX_T20_SL10,fixed_target,"T=20%,SL=10%",BRK>7%+LG,2.5,10,30,31,17,14,54.8,9.59,27.44,-12.09,43.92,-14.53,2.68,9.59,1580115,11580115,15.8,19.7,20.82,stop_loss=14; target_hit=17
D_RSI7p55_LG_BRK2_TGTBE20_BE3,target_with_breakeven,"Hybrid=target_with_breakeven,T=20%,Trail=10%,SL=7%",RSI7>55+LG+BRK>2%+TgtBE,2.5,10,30,75,13,62,17.3,3.09,26.02,-1.72,31.99,-12.75,3.18,3.09,1213748,11213748,12.14,4.3,0.0,hybrid_breakeven=51; hybrid_sl=11; hybrid_target=13
D_RSI7p55_LG_BRK2_TGTBE20_BE5,target_with_breakeven,"Hybrid=target_with_breakeven,T=20%,Trail=10%,SL=7%",RSI7>55+LG+BRK>2%+TgtBE,2.5,10,30,75,14,61,18.7,2.68,25.8,-2.63,31.99,-13.63,2.24,2.68,1040151,11040151,10.4,8.4,0.0,hybrid_breakeven=44; hybrid_sl=17; hybrid_target=14
D_RSI7p55_LG_BRK3_TGTBE20_BE3,target_with_breakeven,"Hybrid=target_with_breakeven,T=20%,Trail=10%,SL=7%",RSI7>55+LG+BRK>3%+TgtBE,2.5,10,30,60,13,47,21.7,4.28,26.02,-1.73,31.99,-12.75,4.14,4.28,1355986,11355986,13.56,4.2,0.0,hybrid_breakeven=39; hybrid_sl=8; hybrid_target=13
D_RSI7p55_LG_BRK3_TGTBE20_BE5,target_with_breakeven,"Hybrid=target_with_breakeven,T=20%,Trail=10%,SL=7%",RSI7>55+LG+BRK>3%+TgtBE,2.5,10,30,60,14,46,23.3,3.89,25.8,-2.78,31.99,-13.63,2.8,3.89,1221896,11221896,12.22,7.2,0.0,hybrid_breakeven=33; hybrid_sl=13; hybrid_target=14
D_RSI7p60_LG_BRK2_TGTBE20_BE3,target_with_breakeven,"Hybrid=target_with_breakeven,T=20%,Trail=10%,SL=7%",RSI7>60+LG+BRK>2%+TgtBE,2.5,10,30,75,13,62,17.3,3.09,26.02,-1.72,31.99,-12.75,3.18,3.09,1213748,11213748,12.14,4.3,0.0,hybrid_breakeven=51; hybrid_sl=11; hybrid_target=13
D_RSI7p60_LG_BRK2_TGTBE20_BE5,target_with_breakeven,"Hybrid=target_with_breakeven,T=20%,Trail=10%,SL=7%",RSI7>60+LG+BRK>2%+TgtBE,2.5,10,30,75,14,61,18.7,2.68,25.8,-2.63,31.99,-13.63,2.24,2.68,1040151,11040151,10.4,8.4,0.0,hybrid_breakeven=44; hybrid_sl=17; hybrid_target=14
D_RSI7p60_LG_BRK3_TGTBE20_BE3,target_with_breakeven,"Hybrid=target_with_breakeven,T=20%,Trail=10%,SL=7%",RSI7>60+LG+BRK>3%+TgtBE,2.5,10,30,60,13,47,21.7,4.28,26.02,-1.73,31.99,-12.75,4.14,4.28,1355986,11355986,13.56,4.2,0.0,hybrid_breakeven=39; hybrid_sl=8; hybrid_target=13
D_RSI7p60_LG_BRK3_TGTBE20_BE5,target_with_breakeven,"Hybrid=target_with_breakeven,T=20%,Trail=10%,SL=7%",RSI7>60+LG+BRK>3%+TgtBE,2.5,10,30,60,14,46,23.3,3.89,25.8,-2.78,31.99,-13.63,2.8,3.89,1221896,11221896,12.22,7.2,0.0,hybrid_breakeven=33; hybrid_sl=13; hybrid_target=14
D_ABVAVG_LG_FIX_T30_SL15,fixed_target,"T=30%,SL=15%",AbvAvg+LG,2.5,10,30,99,53,46,53.5,10.43,33.72,-16.41,49.96,-25.81,2.28,10.43,6599208,16599208,65.99,65.6,30.03,end_of_data=5; stop_loss=43; target_hit=51
D_ABVAVG_LG_FIX_T15_SL7,fixed_target,"T=15%,SL=7%",AbvAvg+LG,2.5,10,30,99,44,55,44.4,3.02,18.06,-9.02,27.87,-14.53,1.59,3.02,1581601,11581601,15.82,20.1,-7.38,end_of_data=1; stop_loss=55; target_hit=43
D_ABVAVG_LG_FIX_T20_SL10,fixed_target,"T=20%,SL=10%",AbvAvg+LG,2.5,10,30,99,49,50,49.5,6.23,24.76,-11.94,43.92,-21.83,1.96,6.23,3543393,13543393,35.43,32.3,-5.88,end_of_data=3; stop_loss=49; target_hit=47
D_CONSEC2_LG_FIX_T30_SL15,fixed_target,"T=30%,SL=15%",Consec2+LG,2.5,10,30,0,0,0,0.0,0.0,0.0,0.0,0.0,0.0,0.0,0.0,0,10000000,0.0,0.0,0,
D_CONSEC2_LG_FIX_T15_SL7,fixed_target,"T=15%,SL=7%",Consec2+LG,2.5,10,30,0,0,0,0.0,0.0,0.0,0.0,0.0,0.0,0.0,0.0,0,10000000,0.0,0.0,0,
D_CONSEC2_LG_FIX_T20_SL10,fixed_target,"T=20%,SL=10%",Consec2+LG,2.5,10,30,0,0,0,0.0,0.0,0.0,0.0,0.0,0.0,0.0,0.0,0,10000000,0.0,0.0,0,
D_GAPUP_LG_FIX_T30_SL15,fixed_target,"T=30%,SL=15%",GapUp+LG,2.5,10,30,83,46,37,55.4,11.63,34.35,-16.61,49.96,-25.81,2.5,11.63,6070114,16070114,60.7,65.6,30.18,end_of_data=3; stop_loss=35; target_hit=45
D_GAPUP_LG_FIX_T15_SL7,fixed_target,"T=15%,SL=7%",GapUp+LG,2.5,10,30,83,38,45,45.8,3.6,18.45,-8.94,27.87,-14.53,1.73,3.6,1587355,11587355,15.87,21.2,-7.23,stop_loss=45; target_hit=38
D_GAPUP_LG_FIX_T20_SL10,fixed_target,"T=20%,SL=10%",GapUp+LG,2.5,10,30,83,43,40,51.8,7.59,25.61,-11.78,43.92,-17.52,2.26,7.59,3639559,13639559,36.4,34.2,20.3,end_of_data=2; stop_loss=39; target_hit=42
