symbol,timeframe,variant,exit_policy,n_signals,mean_net,std_net,win_rate,sharpe_score,atr_proxy
RELIANCE,15min,rng0.006_norsi,T0,5,7.65,7.283,80.0,0.8403,29.87
RELIANCE,15min,rng0.006_norsi,T1_SL_1xATR,5,7.65,7.283,80.0,0.8403,29.87
RELIANCE,15min,rng0.006_rsi40_60,T0,5,7.65,7.283,80.0,0.8403,29.87
RELIANCE,15min,rng0.006_rsi40_60,T1_SL_1xATR,5,7.65,7.283,80.0,0.8403,29.87
ITC,10min,rng0.008_norsi,T0,43,0.453,1.641,60.5,0.167,5.55
ITC,10min,rng0.008_norsi,T1_SL_1xATR,43,0.453,1.641,60.5,0.167,5.55
ITC,15min,rng0.006_norsi,T0,8,0.506,1.305,37.5,0.1455,5.55
ITC,15min,rng0.006_norsi,T1_SL_1xATR,8,0.506,1.305,37.5,0.1455,5.55
ITC,10min,rng0.006_norsi,T0,10,0.375,1.556,60.0,0.1446,5.55
ITC,10min,rng0.006_norsi,T1_SL_1xATR,10,0.375,1.556,60.0,0.1446,5.55
HDFCBANK,15min,rng0.006_rsi40_60,T0,9,0.933,3.636,55.6,0.1426,14.52
HDFCBANK,15min,rng0.006_rsi40_60,T1_SL_1xATR,9,0.933,3.636,55.6,0.1426,14.52
ITC,10min,rng0.008_rsi40_60,T0,40,0.285,1.309,60.0,0.1307,5.55
ITC,10min,rng0.008_rsi40_60,T1_SL_1xATR,40,0.285,1.309,60.0,0.1307,5.55
ITC,5min,rng0.008_norsi,T0,49,0.351,1.539,55.1,0.1257,5.55
ITC,5min,rng0.008_norsi,T1_SL_1xATR,49,0.351,1.539,55.1,0.1257,5.55
ITC,5min,rng0.008_rsi40_60,T0,49,0.351,1.539,55.1,0.1257,5.55
ITC,5min,rng0.008_rsi40_60,T1_SL_1xATR,49,0.351,1.539,55.1,0.1257,5.55
INFY,5min,rng0.008_rsi40_60,T0,16,1.303,6.016,56.2,0.1218,39.03
INFY,5min,rng0.008_rsi40_60,T1_SL_1xATR,16,1.303,6.016,56.2,0.1218,39.03
HDFCBANK,15min,rng0.006_norsi,T0,11,0.818,3.514,45.5,0.1058,14.52
HDFCBANK,15min,rng0.006_norsi,T1_SL_1xATR,11,0.818,3.514,45.5,0.1058,14.52
INFY,10min,rng0.008_norsi,T0,15,1.183,6.007,53.3,0.1051,39.03
INFY,10min,rng0.008_norsi,T1_SL_1xATR,15,1.183,6.007,53.3,0.1051,39.03
HDFCBANK,10min,rng0.006_norsi,T0,15,0.583,3.119,53.3,0.0998,14.52
HDFCBANK,10min,rng0.006_norsi,T1_SL_1xATR,15,0.583,3.119,53.3,0.0998,14.52
ITC,15min,rng0.008_norsi,T0,40,0.217,1.33,55.0,0.09,5.55
ITC,15min,rng0.008_norsi,T1_SL_1xATR,40,0.217,1.33,55.0,0.09,5.55
HDFCBANK,10min,rng0.006_rsi40_60,T0,13,0.485,3.217,53.8,0.0811,14.52
HDFCBANK,10min,rng0.006_rsi40_60,T1_SL_1xATR,13,0.485,3.217,53.8,0.0811,14.52
ITC,15min,rng0.008_rsi40_60,T0,35,0.174,1.228,57.1,0.0811,5.55
ITC,15min,rng0.008_rsi40_60,T1_SL_1xATR,35,0.174,1.228,57.1,0.0811,5.55
HDFCBANK,5min,rng0.006_rsi40_60,T0,14,0.575,3.613,50.0,0.0796,14.52
HDFCBANK,5min,rng0.006_rsi40_60,T1_SL_1xATR,14,0.575,3.613,50.0,0.0796,14.52
HDFCBANK,10min,rng0.008_rsi40_60,T0,38,0.37,2.833,55.3,0.0721,14.52
HDFCBANK,10min,rng0.008_rsi40_60,T1_SL_1xATR,38,0.37,2.833,55.3,0.0721,14.52
HDFCBANK,5min,rng0.006_norsi,T0,15,0.537,3.494,46.7,0.0717,14.52
HDFCBANK,5min,rng0.006_norsi,T1_SL_1xATR,15,0.537,3.494,46.7,0.0717,14.52
SBIN,10min,rng0.010_rsi40_60,T0,68,0.526,4.074,50.0,0.0645,26.4
SBIN,10min,rng0.010_rsi40_60,T1_SL_1xATR,68,0.526,4.074,50.0,0.0645,26.4
INFY,5min,rng0.008_norsi,T0,18,0.708,6.366,55.6,0.0618,39.03
INFY,5min,rng0.008_norsi,T1_SL_1xATR,18,0.708,6.366,55.6,0.0618,39.03
HDFCBANK,15min,rng0.008_rsi40_60,T0,32,0.334,2.917,53.1,0.0609,14.52
HDFCBANK,15min,rng0.008_rsi40_60,T1_SL_1xATR,32,0.334,2.917,53.1,0.0609,14.52
INFY,10min,rng0.008_rsi40_60,T0,13,0.827,6.375,46.2,0.0599,39.03
INFY,10min,rng0.008_rsi40_60,T1_SL_1xATR,13,0.827,6.375,46.2,0.0599,39.03
ITC,5min,rng0.010_norsi,T0,95,0.195,1.724,52.6,0.0596,5.55
ITC,5min,rng0.010_norsi,T1_SL_1xATR,95,0.195,1.724,52.6,0.0596,5.55
ITC,5min,rng0.010_rsi40_60,T0,95,0.195,1.724,52.6,0.0596,5.55
ITC,5min,rng0.010_rsi40_60,T1_SL_1xATR,95,0.195,1.724,52.6,0.0596,5.55
RELIANCE,10min,rng0.010_norsi,T0,91,0.856,7.0,47.3,0.0578,29.87
ITC,10min,rng0.010_norsi,T0,84,0.21,1.919,52.4,0.0574,5.55
RELIANCE,10min,rng0.010_norsi,T1_SL_1xATR,91,0.849,7.032,47.3,0.057,29.87
ITC,10min,rng0.010_norsi,T1_SL_1xATR,84,0.209,1.922,52.4,0.0569,5.55
RELIANCE,10min,rng0.008_norsi,T0,36,0.696,6.308,47.2,0.0521,29.87
RELIANCE,10min,rng0.008_norsi,T1_SL_1xATR,36,0.696,6.308,47.2,0.0521,29.87
RELIANCE,15min,rng0.010_norsi,T0,94,0.676,6.357,47.9,0.0509,29.87
RELIANCE,15min,rng0.010_norsi,T1_SL_1xATR,94,0.666,6.401,47.9,0.0498,29.87
ICICIBANK,15min,rng0.010_rsi40_60,T0,68,0.427,5.078,57.4,0.0483,22.21
ICICIBANK,15min,rng0.010_rsi40_60,T1_SL_1xATR,68,0.427,5.078,57.4,0.0483,22.21
SBIN,10min,rngoff_rsi40_60,T1_SL_1xATR,240,0.485,5.243,50.0,0.0463,26.4
RELIANCE,15min,rng0.008_rsi40_60,T0,28,0.588,6.886,53.6,0.0457,29.87
RELIANCE,15min,rng0.008_rsi40_60,T1_SL_1xATR,28,0.588,6.886,53.6,0.0457,29.87
RELIANCE,10min,rng0.008_rsi40_60,T0,33,0.65,6.567,45.5,0.045,29.87
RELIANCE,10min,rng0.008_rsi40_60,T1_SL_1xATR,33,0.65,6.567,45.5,0.045,29.87
RELIANCE,15min,rng0.008_norsi,T0,38,0.529,5.982,50.0,0.0442,29.87
RELIANCE,15min,rng0.008_norsi,T1_SL_1xATR,38,0.529,5.982,50.0,0.0442,29.87
ITC,10min,rngoff_norsi,T1_SL_1xATR,228,0.209,2.346,47.4,0.0422,5.55
RELIANCE,10min,rng0.010_rsi40_60,T0,82,0.587,6.695,47.6,0.0417,29.87
SBIN,10min,rngoff_norsi,T1_SL_1xATR,245,0.445,5.341,49.8,0.0415,26.4
ITC,10min,rng0.010_rsi40_60,T0,81,0.151,1.946,53.1,0.0411,5.55
ITC,10min,rngoff_rsi40_60,T1_SL_1xATR,217,0.199,2.362,48.8,0.0411,5.55
RELIANCE,10min,rng0.010_rsi40_60,T1_SL_1xATR,82,0.578,6.732,47.6,0.0409,29.87
ITC,10min,rng0.010_rsi40_60,T1_SL_1xATR,81,0.149,1.95,53.1,0.0407,5.55
RELIANCE,15min,rng0.010_rsi40_60,T0,74,0.551,6.995,50.0,0.0394,29.87
SBIN,10min,rngoff_rsi40_60,T0,240,0.431,5.575,50.0,0.0387,26.4
RELIANCE,15min,rng0.010_rsi40_60,T1_SL_1xATR,74,0.54,7.046,50.0,0.0383,29.87
ITC,5min,rngoff_norsi,T1_SL_1xATR,249,0.189,2.466,46.2,0.0353,5.55
ITC,15min,rng0.006_rsi40_60,T0,7,0.093,0.761,28.6,0.0349,5.55
ITC,15min,rng0.006_rsi40_60,T1_SL_1xATR,7,0.093,0.761,28.6,0.0349,5.55
SBIN,10min,rngoff_norsi,T0,245,0.392,5.661,49.8,0.0345,26.4
ITC,5min,rngoff_rsi40_60,T1_SL_1xATR,249,0.177,2.462,45.8,0.033,5.55
ITC,10min,rngoff_norsi,T0,228,0.172,2.495,47.4,0.0326,5.55
HINDUNILVR,10min,rng0.006_norsi,T0,8,0.644,10.227,50.0,0.0315,47.58
HINDUNILVR,10min,rng0.006_norsi,T1_SL_1xATR,8,0.644,10.227,50.0,0.0315,47.58
ITC,10min,rngoff_rsi40_60,T0,217,0.159,2.517,48.8,0.0309,5.55
RELIANCE,10min,rngoff_norsi,T0,264,0.505,8.022,45.8,0.0288,29.87
RELIANCE,10min,rngoff_norsi,T1_SL_1xATR,264,0.484,8.094,45.8,0.0274,29.87
ITC,5min,rngoff_norsi,T0,249,0.149,2.616,46.2,0.0263,5.55
SBIN,5min,rngoff_norsi,T1_SL_1xATR,255,0.297,5.792,49.8,0.0255,26.4
RELIANCE,10min,rngoff_rsi40_60,T0,253,0.444,8.084,46.2,0.0254,29.87
SBIN,5min,rngoff_rsi40_60,T1_SL_1xATR,255,0.291,5.789,49.8,0.025,26.4
HDFCBANK,10min,rng0.008_norsi,T0,45,0.141,2.79,48.9,0.0247,14.52
HDFCBANK,10min,rng0.008_norsi,T1_SL_1xATR,45,0.141,2.79,48.9,0.0247,14.52
SBIN,5min,rngoff_norsi,T0,255,0.291,5.925,49.8,0.0245,26.4
ITC,15min,rngoff_norsi,T1_SL_1xATR,235,0.132,2.408,44.7,0.0245,5.55
ITC,5min,rngoff_rsi40_60,T0,249,0.138,2.612,45.8,0.0241,5.55
RELIANCE,10min,rngoff_rsi40_60,T1_SL_1xATR,253,0.423,8.159,46.2,0.024,29.87
SBIN,5min,rngoff_rsi40_60,T0,255,0.285,5.923,49.8,0.0239,26.4
INFY,15min,rng0.008_norsi,T0,15,0.223,5.006,53.3,0.0238,39.03
INFY,15min,rng0.008_norsi,T1_SL_1xATR,15,0.223,5.006,53.3,0.0238,39.03
HDFCBANK,5min,rng0.008_rsi40_60,T0,43,0.124,3.105,51.2,0.0205,14.52
HDFCBANK,5min,rng0.008_rsi40_60,T1_SL_1xATR,43,0.124,3.105,51.2,0.0205,14.52
ICICIBANK,10min,rng0.010_rsi40_60,T0,80,0.198,5.145,48.8,0.0188,22.21
ICICIBANK,10min,rng0.010_rsi40_60,T1_SL_1xATR,80,0.198,5.145,48.8,0.0188,22.21
ITC,15min,rngoff_rsi40_60,T1_SL_1xATR,216,0.1,2.408,44.9,0.0186,5.55
SBIN,15min,rngoff_rsi40_60,T1_SL_1xATR,211,0.191,5.568,48.3,0.0166,26.4
KOTAKBANK,10min,rngoff_norsi,T1_SL_1xATR,239,0.241,6.938,46.9,0.0163,7.9
ITC,5min,rng0.006_norsi,T0,12,0.075,1.604,33.3,0.0156,5.55
ITC,5min,rng0.006_norsi,T1_SL_1xATR,12,0.075,1.604,33.3,0.0156,5.55
ITC,5min,rng0.006_rsi40_60,T0,12,0.075,1.604,33.3,0.0156,5.55
ITC,5min,rng0.006_rsi40_60,T1_SL_1xATR,12,0.075,1.604,33.3,0.0156,5.55
ITC,15min,rng0.010_norsi,T0,87,0.055,1.8,50.6,0.0153,5.55
ITC,15min,rng0.010_norsi,T1_SL_1xATR,87,0.055,1.8,50.6,0.0153,5.55
RELIANCE,5min,rng0.010_norsi,T0,99,0.234,6.909,44.4,0.015,29.87
RELIANCE,5min,rng0.010_rsi40_60,T0,99,0.234,6.909,44.4,0.015,29.87
RELIANCE,5min,rng0.010_norsi,T1_SL_1xATR,99,0.215,6.988,44.4,0.0137,29.87
RELIANCE,5min,rng0.010_rsi40_60,T1_SL_1xATR,99,0.215,6.988,44.4,0.0137,29.87
SBIN,10min,rng0.010_norsi,T0,74,0.129,4.376,45.9,0.0136,26.4
SBIN,10min,rng0.010_norsi,T1_SL_1xATR,74,0.129,4.376,45.9,0.0136,26.4
SBIN,15min,rngoff_norsi,T1_SL_1xATR,238,0.154,5.762,48.3,0.0129,26.4
SBIN,15min,rngoff_norsi,T0,238,0.153,5.866,48.3,0.0126,26.4
ITC,15min,rngoff_norsi,T0,235,0.071,2.596,44.7,0.0122,5.55
ICICIBANK,15min,rng0.010_norsi,T0,86,0.124,5.136,50.0,0.0121,22.21
ICICIBANK,15min,rng0.010_norsi,T1_SL_1xATR,86,0.124,5.136,50.0,0.0121,22.21
KOTAKBANK,10min,rngoff_rsi40_60,T1_SL_1xATR,234,0.181,6.894,46.2,0.0121,7.9
HDFCBANK,5min,rng0.008_norsi,T0,45,0.07,3.054,48.9,0.0112,14.52
HDFCBANK,5min,rng0.008_norsi,T1_SL_1xATR,45,0.07,3.054,48.9,0.0112,14.52
SBIN,15min,rngoff_rsi40_60,T0,211,0.135,5.888,48.3,0.0111,26.4
SBIN,15min,rng0.010_rsi40_60,T0,54,0.104,3.693,38.9,0.0109,26.4
SBIN,15min,rng0.010_rsi40_60,T1_SL_1xATR,54,0.104,3.693,38.9,0.0109,26.4
ICICIBANK,15min,rng0.008_rsi40_60,T0,26,0.102,5.973,53.8,0.0092,22.21
ICICIBANK,15min,rng0.008_rsi40_60,T1_SL_1xATR,26,0.102,5.973,53.8,0.0092,22.21
SBIN,5min,rng0.010_norsi,T0,79,0.08,4.012,44.3,0.0089,26.4
SBIN,5min,rng0.010_norsi,T1_SL_1xATR,79,0.08,4.012,44.3,0.0089,26.4
SBIN,5min,rng0.010_rsi40_60,T0,79,0.059,3.999,44.3,0.0066,26.4
SBIN,5min,rng0.010_rsi40_60,T1_SL_1xATR,79,0.059,3.999,44.3,0.0066,26.4
RELIANCE,5min,rngoff_norsi,T1_SL_1xATR,280,0.108,8.092,43.9,0.0059,29.87
SBIN,10min,rng0.008_rsi40_60,T0,34,0.044,3.561,47.1,0.0058,26.4
SBIN,10min,rng0.008_rsi40_60,T1_SL_1xATR,34,0.044,3.561,47.1,0.0058,26.4
ITC,15min,rngoff_rsi40_60,T0,216,0.033,2.611,44.9,0.0057,5.55
RELIANCE,5min,rngoff_rsi40_60,T1_SL_1xATR,280,0.1,8.1,43.9,0.0054,29.87
TCS,10min,rngoff_norsi,T1_SL_1xATR,225,0.219,22.391,48.4,0.0047,66.88
RELIANCE,5min,rngoff_norsi,T0,280,0.074,8.246,43.9,0.0039,29.87
RELIANCE,5min,rngoff_rsi40_60,T0,280,0.066,8.253,43.9,0.0035,29.87
HINDUNILVR,10min,rng0.008_rsi40_60,T0,34,0.063,8.442,47.1,0.0035,47.58
HINDUNILVR,10min,rng0.008_rsi40_60,T1_SL_1xATR,34,0.063,8.442,47.1,0.0035,47.58
TCS,10min,rngoff_norsi,T0,225,0.14,22.806,48.4,0.003,66.88
HDFCBANK,15min,rng0.008_norsi,T0,38,0.013,3.094,44.7,0.0019,14.52
HDFCBANK,15min,rng0.008_norsi,T1_SL_1xATR,38,0.013,3.094,44.7,0.0019,14.52
ICICIBANK,10min,rng0.010_norsi,T0,89,0.015,5.234,48.3,0.0014,22.21
ICICIBANK,10min,rng0.010_norsi,T1_SL_1xATR,89,0.015,5.234,48.3,0.0014,22.21
RELIANCE,10min,rng0.006_norsi,T0,5,-0.01,9.396,40.0,-0.0004,29.87
RELIANCE,10min,rng0.006_norsi,T1_SL_1xATR,5,-0.01,9.396,40.0,-0.0004,29.87
RELIANCE,10min,rng0.006_rsi40_60,T0,5,-0.01,9.396,40.0,-0.0004,29.87
RELIANCE,10min,rng0.006_rsi40_60,T1_SL_1xATR,5,-0.01,9.396,40.0,-0.0004,29.87
HINDUNILVR,5min,rng0.008_norsi,T0,32,-0.023,8.285,53.1,-0.0015,47.58
HINDUNILVR,5min,rng0.008_norsi,T1_SL_1xATR,32,-0.023,8.285,53.1,-0.0015,47.58
HINDUNILVR,5min,rng0.008_rsi40_60,T0,32,-0.023,8.285,53.1,-0.0015,47.58
HINDUNILVR,5min,rng0.008_rsi40_60,T1_SL_1xATR,32,-0.023,8.285,53.1,-0.0015,47.58
TCS,10min,rngoff_rsi40_60,T1_SL_1xATR,216,-0.109,21.922,48.6,-0.0024,66.88
SBIN,10min,rng0.006_norsi,T0,8,-0.025,2.772,37.5,-0.0034,26.4
SBIN,10min,rng0.006_norsi,T1_SL_1xATR,8,-0.025,2.772,37.5,-0.0034,26.4
ICICIBANK,15min,rng0.008_norsi,T0,35,-0.046,5.534,45.7,-0.0038,22.21
ICICIBANK,15min,rng0.008_norsi,T1_SL_1xATR,35,-0.046,5.534,45.7,-0.0038,22.21
TCS,10min,rngoff_rsi40_60,T0,216,-0.191,22.362,48.6,-0.0041,66.88
SBIN,15min,rng0.010_norsi,T0,71,-0.042,4.118,40.8,-0.0041,26.4
SBIN,15min,rng0.010_norsi,T1_SL_1xATR,71,-0.042,4.118,40.8,-0.0041,26.4
RELIANCE,15min,rngoff_rsi40_60,T1_SL_1xATR,232,-0.087,7.766,43.5,-0.0049,29.87
ICICIBANK,10min,rng0.008_rsi40_60,T0,33,-0.053,4.946,48.5,-0.0052,22.21
ICICIBANK,10min,rng0.008_rsi40_60,T1_SL_1xATR,33,-0.053,4.946,48.5,-0.0052,22.21
RELIANCE,15min,rngoff_norsi,T1_SL_1xATR,264,-0.102,7.529,41.3,-0.0056,29.87
RELIANCE,15min,rngoff_rsi40_60,T0,232,-0.133,7.975,43.5,-0.0073,29.87
ICICIBANK,5min,rng0.008_rsi40_60,T0,37,-0.095,5.596,43.2,-0.0073,22.21
ICICIBANK,5min,rng0.008_rsi40_60,T1_SL_1xATR,37,-0.095,5.596,43.2,-0.0073,22.21
RELIANCE,15min,rngoff_norsi,T0,264,-0.143,7.719,41.3,-0.0076,29.87
ITC,15min,rng0.010_rsi40_60,T0,81,-0.032,1.766,49.4,-0.009,5.55
ITC,15min,rng0.010_rsi40_60,T1_SL_1xATR,81,-0.032,1.766,49.4,-0.009,5.55
RELIANCE,5min,rng0.008_norsi,T0,44,-0.123,6.384,47.7,-0.0092,29.87
RELIANCE,5min,rng0.008_norsi,T1_SL_1xATR,44,-0.123,6.384,47.7,-0.0092,29.87
RELIANCE,5min,rng0.008_rsi40_60,T0,44,-0.123,6.384,47.7,-0.0092,29.87
RELIANCE,5min,rng0.008_rsi40_60,T1_SL_1xATR,44,-0.123,6.384,47.7,-0.0092,29.87
HINDUNILVR,10min,rngoff_rsi40_60,T0,236,-0.249,11.343,43.6,-0.0096,47.58
HINDUNILVR,10min,rngoff_rsi40_60,T1_SL_1xATR,236,-0.249,11.343,43.6,-0.0096,47.58
KOTAKBANK,15min,rngoff_norsi,T1_SL_1xATR,242,-0.14,6.309,43.8,-0.0097,7.9
HINDUNILVR,10min,rng0.008_norsi,T0,36,-0.201,8.892,44.4,-0.0101,47.58
HINDUNILVR,10min,rng0.008_norsi,T1_SL_1xATR,36,-0.201,8.892,44.4,-0.0101,47.58
TCS,5min,rngoff_norsi,T1_SL_1xATR,248,-0.47,20.654,47.6,-0.0108,66.88
ICICIBANK,10min,rng0.008_norsi,T0,37,-0.107,4.785,51.4,-0.0115,22.21
ICICIBANK,10min,rng0.008_norsi,T1_SL_1xATR,37,-0.107,4.785,51.4,-0.0115,22.21
ITC,10min,rng0.006_rsi40_60,T0,9,-0.022,1.054,55.6,-0.0117,5.55
ITC,10min,rng0.006_rsi40_60,T1_SL_1xATR,9,-0.022,1.054,55.6,-0.0117,5.55
ICICIBANK,5min,rng0.008_norsi,T0,38,-0.159,5.535,42.1,-0.0121,22.21
ICICIBANK,5min,rng0.008_norsi,T1_SL_1xATR,38,-0.159,5.535,42.1,-0.0121,22.21
TCS,5min,rngoff_rsi40_60,T1_SL_1xATR,248,-0.529,20.628,47.6,-0.0122,66.88
ICICIBANK,5min,rng0.010_rsi40_60,T0,89,-0.145,5.423,46.1,-0.0123,22.21
ICICIBANK,5min,rng0.010_rsi40_60,T1_SL_1xATR,89,-0.145,5.423,46.1,-0.0123,22.21
TCS,5min,rngoff_norsi,T0,248,-0.559,21.199,47.6,-0.0126,66.88
HDFCBANK,10min,rng0.010_norsi,T0,81,-0.084,3.083,48.1,-0.0131,14.52
HDFCBANK,10min,rng0.010_norsi,T1_SL_1xATR,81,-0.084,3.083,48.1,-0.0131,14.52
KOTAKBANK,10min,rngoff_norsi,T0,239,-0.238,8.741,48.1,-0.0131,7.9
HDFCBANK,10min,rngoff_rsi40_60,T0,212,-0.12,3.939,44.8,-0.0137,14.52
TCS,5min,rngoff_rsi40_60,T0,248,-0.619,21.174,47.6,-0.0139,66.88
RELIANCE,5min,rng0.006_norsi,T0,7,-0.279,8.476,42.9,-0.0141,29.87
RELIANCE,5min,rng0.006_norsi,T1_SL_1xATR,7,-0.279,8.476,42.9,-0.0141,29.87
RELIANCE,5min,rng0.006_rsi40_60,T0,7,-0.279,8.476,42.9,-0.0141,29.87
RELIANCE,5min,rng0.006_rsi40_60,T1_SL_1xATR,7,-0.279,8.476,42.9,-0.0141,29.87
HINDUNILVR,10min,rngoff_norsi,T0,241,-0.385,11.542,43.2,-0.0144,47.58
HINDUNILVR,10min,rngoff_norsi,T1_SL_1xATR,241,-0.385,11.542,43.2,-0.0144,47.58
ICICIBANK,5min,rng0.010_norsi,T0,90,-0.172,5.399,45.6,-0.0145,22.21
ICICIBANK,5min,rng0.010_norsi,T1_SL_1xATR,90,-0.172,5.399,45.6,-0.0145,22.21
HDFCBANK,10min,rngoff_norsi,T0,222,-0.136,3.894,43.7,-0.0153,14.52
HDFCBANK,10min,rng0.010_rsi40_60,T0,76,-0.102,3.128,50.0,-0.0163,14.52
HDFCBANK,10min,rng0.010_rsi40_60,T1_SL_1xATR,76,-0.102,3.128,50.0,-0.0163,14.52
BHARTIARTL,5min,rng0.008_norsi,T0,19,-0.308,7.711,42.1,-0.0168,35.42
BHARTIARTL,5min,rng0.008_norsi,T1_SL_1xATR,19,-0.308,7.711,42.1,-0.0168,35.42
TCS,15min,rngoff_norsi,T0,226,-0.863,21.316,45.6,-0.0185,66.88
SBIN,5min,rng0.008_norsi,T0,37,-0.164,3.308,37.8,-0.0187,26.4
SBIN,5min,rng0.008_norsi,T1_SL_1xATR,37,-0.164,3.308,37.8,-0.0187,26.4
TCS,15min,rngoff_norsi,T1_SL_1xATR,226,-0.891,21.136,45.6,-0.0192,66.88
SBIN,10min,rng0.006_rsi40_60,T0,6,-0.167,2.899,33.3,-0.0192,26.4
SBIN,10min,rng0.006_rsi40_60,T1_SL_1xATR,6,-0.167,2.899,33.3,-0.0192,26.4
HDFCBANK,10min,rngoff_rsi40_60,T1_SL_1xATR,212,-0.177,4.032,44.8,-0.0196,14.52
KOTAKBANK,10min,rngoff_rsi40_60,T0,234,-0.368,8.775,47.4,-0.0199,7.9
HDFCBANK,10min,rngoff_norsi,T1_SL_1xATR,222,-0.19,3.984,43.7,-0.0209,14.52
KOTAKBANK,5min,rng0.010_norsi,T1_SL_1xATR,66,-0.27,6.391,50.0,-0.0211,7.9
BHARTIARTL,10min,rng0.008_rsi40_60,T0,15,-0.487,10.064,46.7,-0.0226,35.42
BHARTIARTL,10min,rng0.008_rsi40_60,T1_SL_1xATR,15,-0.487,10.064,46.7,-0.0226,35.42
BHARTIARTL,5min,rng0.008_rsi40_60,T0,19,-0.418,7.734,42.1,-0.0228,35.42
BHARTIARTL,5min,rng0.008_rsi40_60,T1_SL_1xATR,19,-0.418,7.734,42.1,-0.0228,35.42
HDFCBANK,5min,rngoff_rsi40_60,T0,230,-0.199,4.027,47.0,-0.0232,14.52
KOTAKBANK,10min,rng0.010_norsi,T0,63,-0.399,6.794,39.7,-0.0233,7.9
HDFCBANK,5min,rngoff_norsi,T0,233,-0.208,4.003,46.4,-0.0241,14.52
HDFCBANK,5min,rngoff_rsi40_60,T1_SL_1xATR,230,-0.207,4.036,47.0,-0.0241,14.52
SBIN,5min,rng0.008_rsi40_60,T0,37,-0.208,3.272,37.8,-0.0241,26.4
SBIN,5min,rng0.008_rsi40_60,T1_SL_1xATR,37,-0.208,3.272,37.8,-0.0241,26.4
KOTAKBANK,5min,rng0.010_norsi,T0,66,-0.366,7.401,50.0,-0.0247,7.9
HDFCBANK,5min,rngoff_norsi,T1_SL_1xATR,233,-0.216,4.012,46.4,-0.0249,14.52
KOTAKBANK,5min,rngoff_norsi,T1_SL_1xATR,255,-0.397,6.794,42.7,-0.025,7.9
KOTAKBANK,5min,rng0.010_rsi40_60,T1_SL_1xATR,66,-0.333,6.376,48.5,-0.0253,7.9
BHARTIARTL,10min,rngoff_rsi40_60,T1_SL_1xATR,240,-0.56,9.134,42.1,-0.0258,35.42
KOTAKBANK,5min,rngoff_rsi40_60,T1_SL_1xATR,254,-0.417,6.805,42.5,-0.026,7.9
BHARTIARTL,10min,rngoff_rsi40_60,T0,240,-0.583,9.228,42.1,-0.0266,35.42
BHARTIARTL,10min,rngoff_norsi,T1_SL_1xATR,252,-0.576,9.016,42.1,-0.0269,35.42
HINDUNILVR,15min,rng0.008_rsi40_60,T0,27,-0.52,8.509,44.4,-0.0272,47.58
HINDUNILVR,15min,rng0.008_rsi40_60,T1_SL_1xATR,27,-0.52,8.509,44.4,-0.0272,47.58
BHARTIARTL,10min,rngoff_norsi,T0,252,-0.598,9.107,42.1,-0.0276,35.42
KOTAKBANK,5min,rng0.010_rsi40_60,T0,66,-0.43,7.388,48.5,-0.0282,7.9
HDFCBANK,15min,rng0.010_norsi,T0,77,-0.203,2.958,41.6,-0.0285,14.52
HDFCBANK,15min,rng0.010_norsi,T1_SL_1xATR,77,-0.203,2.958,41.6,-0.0285,14.52
KOTAKBANK,10min,rng0.010_norsi,T1_SL_1xATR,63,-0.452,6.229,39.7,-0.0288,7.9
KOTAKBANK,10min,rng0.010_rsi40_60,T0,61,-0.489,6.828,41.0,-0.0294,7.9
KOTAKBANK,10min,rng0.010_rsi40_60,T1_SL_1xATR,61,-0.443,6.171,41.0,-0.0295,7.9
BHARTIARTL,10min,rng0.008_norsi,T0,17,-0.694,9.474,41.2,-0.0302,35.42
BHARTIARTL,10min,rng0.008_norsi,T1_SL_1xATR,17,-0.694,9.474,41.2,-0.0302,35.42
KOTAKBANK,15min,rngoff_rsi40_60,T1_SL_1xATR,213,-0.457,6.241,41.8,-0.0306,7.9
HINDUNILVR,15min,rng0.006_norsi,T0,8,-0.487,9.885,62.5,-0.0308,47.58
HINDUNILVR,15min,rng0.006_norsi,T1_SL_1xATR,8,-0.487,9.885,62.5,-0.0308,47.58
TCS,5min,rng0.008_norsi,T0,35,-0.88,14.575,51.4,-0.0311,66.88
TCS,5min,rng0.008_norsi,T1_SL_1xATR,35,-0.88,14.575,51.4,-0.0311,66.88
HINDUNILVR,5min,rngoff_norsi,T1_SL_1xATR,260,-0.927,11.977,43.1,-0.0333,47.58
KOTAKBANK,15min,rng0.010_norsi,T0,63,-0.429,6.084,47.6,-0.0335,7.9
HINDUNILVR,5min,rngoff_rsi40_60,T1_SL_1xATR,260,-0.932,11.978,43.1,-0.0335,47.58
HINDUNILVR,5min,rngoff_norsi,T0,260,-0.938,12.019,43.1,-0.0336,47.58
HINDUNILVR,5min,rngoff_rsi40_60,T0,260,-0.943,12.021,43.1,-0.0338,47.58
HDFCBANK,15min,rng0.010_rsi40_60,T0,66,-0.246,3.013,42.4,-0.0347,14.52
HDFCBANK,15min,rng0.010_rsi40_60,T1_SL_1xATR,66,-0.246,3.013,42.4,-0.0347,14.52
HDFCBANK,15min,rngoff_norsi,T1_SL_1xATR,213,-0.315,3.771,42.7,-0.0357,14.52
HINDUNILVR,5min,rng0.006_norsi,T0,8,-0.706,9.647,50.0,-0.0366,47.58
HINDUNILVR,5min,rng0.006_norsi,T1_SL_1xATR,8,-0.706,9.647,50.0,-0.0366,47.58
HINDUNILVR,5min,rng0.006_rsi40_60,T0,8,-0.706,9.647,50.0,-0.0366,47.58
HINDUNILVR,5min,rng0.006_rsi40_60,T1_SL_1xATR,8,-0.706,9.647,50.0,-0.0366,47.58
HDFCBANK,15min,rngoff_norsi,T0,213,-0.332,3.84,42.7,-0.0369,14.52
TCS,15min,rng0.008_norsi,T0,35,-1.211,14.672,45.7,-0.0377,66.88
TCS,15min,rng0.008_norsi,T1_SL_1xATR,35,-1.211,14.672,45.7,-0.0377,66.88
SBIN,10min,rng0.008_norsi,T0,37,-0.38,4.311,43.2,-0.0381,26.4
SBIN,10min,rng0.008_norsi,T1_SL_1xATR,37,-0.38,4.311,43.2,-0.0381,26.4
ICICIBANK,10min,rngoff_rsi40_60,T1_SL_1xATR,222,-0.598,6.984,45.0,-0.0386,22.21
ICICIBANK,10min,rngoff_rsi40_60,T0,222,-0.603,6.998,45.0,-0.0388,22.21
ICICIBANK,15min,rng0.006_rsi40_60,T0,5,-0.9,4.516,20.0,-0.0399,22.21
ICICIBANK,15min,rng0.006_rsi40_60,T1_SL_1xATR,5,-0.9,4.516,20.0,-0.0399,22.21
KOTAKBANK,15min,rng0.010_norsi,T1_SL_1xATR,63,-0.463,5.529,47.6,-0.0399,7.9
KOTAKBANK,5min,rngoff_norsi,T0,255,-0.777,8.697,45.1,-0.0403,7.9
HDFCBANK,5min,rng0.010_rsi40_60,T0,90,-0.267,3.203,48.9,-0.0407,14.52
HDFCBANK,5min,rng0.010_rsi40_60,T1_SL_1xATR,90,-0.267,3.203,48.9,-0.0407,14.52
KOTAKBANK,5min,rngoff_rsi40_60,T0,254,-0.799,8.711,44.9,-0.0411,7.9
TCS,15min,rngoff_rsi40_60,T0,203,-1.858,20.567,45.8,-0.0414,66.88
ICICIBANK,10min,rngoff_norsi,T1_SL_1xATR,231,-0.635,7.035,45.9,-0.0414,22.21
HINDUNILVR,15min,rngoff_rsi40_60,T0,226,-1.113,10.793,40.3,-0.0415,47.58
HINDUNILVR,15min,rngoff_rsi40_60,T1_SL_1xATR,226,-1.113,10.793,40.3,-0.0415,47.58
ICICIBANK,10min,rngoff_norsi,T0,231,-0.639,7.049,45.9,-0.0416,22.21
HINDUNILVR,15min,rng0.008_norsi,T0,34,-0.859,8.376,41.2,-0.0422,47.58
HINDUNILVR,15min,rng0.008_norsi,T1_SL_1xATR,34,-0.859,8.376,41.2,-0.0422,47.58
TCS,15min,rngoff_rsi40_60,T1_SL_1xATR,203,-1.889,20.357,45.8,-0.0425,66.88
HDFCBANK,5min,rng0.010_norsi,T0,93,-0.285,3.157,47.3,-0.0428,14.52
HDFCBANK,5min,rng0.010_norsi,T1_SL_1xATR,93,-0.285,3.157,47.3,-0.0428,14.52
KOTAKBANK,15min,rngoff_norsi,T0,242,-0.849,8.439,45.0,-0.0453,7.9
KOTAKBANK,10min,rng0.008_norsi,T0,22,-0.568,5.005,40.9,-0.0464,7.9
TCS,5min,rng0.008_rsi40_60,T0,35,-1.3,14.301,51.4,-0.0468,66.88
TCS,5min,rng0.008_rsi40_60,T1_SL_1xATR,35,-1.3,14.301,51.4,-0.0468,66.88
HDFCBANK,15min,rngoff_rsi40_60,T1_SL_1xATR,195,-0.421,3.748,42.1,-0.0473,14.52
ICICIBANK,15min,rngoff_norsi,T1_SL_1xATR,224,-0.663,6.482,46.4,-0.0475,22.21
ICICIBANK,15min,rngoff_norsi,T0,224,-0.674,6.522,46.4,-0.048,22.21
HDFCBANK,15min,rngoff_rsi40_60,T0,195,-0.439,3.823,42.1,-0.0483,14.52
SBIN,15min,rng0.008_norsi,T0,37,-0.499,3.998,40.5,-0.0506,26.4
SBIN,15min,rng0.008_norsi,T1_SL_1xATR,37,-0.499,3.998,40.5,-0.0506,26.4
BHARTIARTL,5min,rngoff_norsi,T1_SL_1xATR,267,-1.167,9.503,41.6,-0.051,35.42
BHARTIARTL,5min,rngoff_norsi,T0,267,-1.168,9.51,41.6,-0.0511,35.42
ICICIBANK,5min,rngoff_rsi40_60,T1_SL_1xATR,243,-0.823,7.042,44.0,-0.0515,22.21
ICICIBANK,15min,rngoff_rsi40_60,T1_SL_1xATR,202,-0.714,6.433,46.5,-0.0516,22.21
ICICIBANK,5min,rngoff_norsi,T1_SL_1xATR,244,-0.83,7.029,43.9,-0.0518,22.21
ICICIBANK,15min,rngoff_rsi40_60,T0,202,-0.727,6.477,46.5,-0.0522,22.21
BHARTIARTL,5min,rngoff_rsi40_60,T0,266,-1.205,9.532,41.4,-0.0523,35.42
BHARTIARTL,5min,rngoff_rsi40_60,T1_SL_1xATR,266,-1.204,9.525,41.4,-0.0523,35.42
ICICIBANK,5min,rngoff_rsi40_60,T0,243,-0.858,7.171,44.0,-0.0527,22.21
HINDUNILVR,10min,rng0.006_rsi40_60,T0,6,-1.708,10.771,33.3,-0.0529,47.58
HINDUNILVR,10min,rng0.006_rsi40_60,T1_SL_1xATR,6,-1.708,10.771,33.3,-0.0529,47.58
ICICIBANK,5min,rngoff_norsi,T0,244,-0.865,7.157,43.9,-0.053,22.21
KOTAKBANK,5min,rng0.008_norsi,T1_SL_1xATR,21,-0.538,5.287,52.4,-0.0533,7.9
BHARTIARTL,15min,rng0.008_norsi,T0,15,-1.173,8.675,40.0,-0.0541,35.42
BHARTIARTL,15min,rng0.008_norsi,T1_SL_1xATR,15,-1.173,8.675,40.0,-0.0541,35.42
SBIN,15min,rng0.006_norsi,T0,9,-0.439,2.699,33.3,-0.0542,26.4
SBIN,15min,rng0.006_norsi,T1_SL_1xATR,9,-0.439,2.699,33.3,-0.0542,26.4
HINDUNILVR,15min,rngoff_norsi,T1_SL_1xATR,244,-1.552,11.381,40.6,-0.0553,47.58
HINDUNILVR,15min,rngoff_norsi,T0,244,-1.577,11.488,40.6,-0.0557,47.58
SBIN,5min,rng0.006_norsi,T0,8,-0.537,2.366,25.0,-0.0568,26.4
SBIN,5min,rng0.006_norsi,T1_SL_1xATR,8,-0.537,2.366,25.0,-0.0568,26.4
HINDUNILVR,15min,rng0.010_norsi,T0,73,-1.254,8.811,41.1,-0.0585,47.58
HINDUNILVR,15min,rng0.010_norsi,T1_SL_1xATR,73,-1.254,8.811,41.1,-0.0585,47.58
KOTAKBANK,15min,rng0.010_rsi40_60,T0,45,-0.764,5.924,46.7,-0.0602,7.9
KOTAKBANK,15min,rngoff_rsi40_60,T0,213,-1.204,8.548,43.7,-0.0615,7.9
KOTAKBANK,5min,rng0.008_rsi40_60,T1_SL_1xATR,21,-0.64,5.245,52.4,-0.064,7.9
SBIN,15min,rng0.008_rsi40_60,T0,27,-0.402,2.554,40.7,-0.0641,26.4
SBIN,15min,rng0.008_rsi40_60,T1_SL_1xATR,27,-0.402,2.554,40.7,-0.0641,26.4
TCS,10min,rng0.010_norsi,T0,72,-3.263,21.147,41.7,-0.0643,66.88
TCS,10min,rng0.010_norsi,T1_SL_1xATR,72,-3.36,21.42,41.7,-0.0654,66.88
HINDUNILVR,10min,rng0.010_norsi,T0,75,-1.607,9.394,38.7,-0.0662,47.58
HINDUNILVR,10min,rng0.010_norsi,T1_SL_1xATR,75,-1.607,9.394,38.7,-0.0662,47.58
INFY,15min,rngoff_norsi,T1_SL_1xATR,239,-1.503,9.387,41.4,-0.0663,39.03
INFY,15min,rngoff_norsi,T0,239,-1.523,9.474,41.4,-0.0666,39.03
KOTAKBANK,5min,rng0.008_norsi,T0,21,-0.783,5.956,52.4,-0.0689,7.9
BHARTIARTL,15min,rngoff_rsi40_60,T0,221,-1.825,9.444,35.7,-0.0691,35.42
INFY,15min,rng0.008_rsi40_60,T0,11,-1.009,5.281,36.4,-0.0695,39.03
INFY,15min,rng0.008_rsi40_60,T1_SL_1xATR,11,-1.009,5.281,36.4,-0.0695,39.03
HINDUNILVR,5min,rng0.010_norsi,T0,75,-1.43,8.804,44.0,-0.0715,47.58
HINDUNILVR,5min,rng0.010_norsi,T1_SL_1xATR,75,-1.43,8.804,44.0,-0.0715,47.58
HINDUNILVR,5min,rng0.010_rsi40_60,T0,75,-1.43,8.804,44.0,-0.0715,47.58
HINDUNILVR,5min,rng0.010_rsi40_60,T1_SL_1xATR,75,-1.43,8.804,44.0,-0.0715,47.58
BHARTIARTL,5min,rng0.010_norsi,T0,50,-1.777,8.899,36.0,-0.0719,35.42
BHARTIARTL,5min,rng0.010_norsi,T1_SL_1xATR,50,-1.777,8.899,36.0,-0.0719,35.42
HINDUNILVR,15min,rng0.010_rsi40_60,T0,64,-1.612,8.697,39.1,-0.0724,47.58
HINDUNILVR,15min,rng0.010_rsi40_60,T1_SL_1xATR,64,-1.612,8.697,39.1,-0.0724,47.58
INFY,5min,rngoff_norsi,T0,257,-1.824,10.456,42.0,-0.0733,39.03
BHARTIARTL,15min,rngoff_rsi40_60,T1_SL_1xATR,221,-2.021,9.859,35.7,-0.0733,35.42
INFY,10min,rngoff_norsi,T1_SL_1xATR,247,-1.79,10.167,41.7,-0.0734,39.03
INFY,10min,rngoff_norsi,T0,247,-1.795,10.188,41.7,-0.0735,39.03
BHARTIARTL,5min,rng0.010_rsi40_60,T0,50,-1.819,8.9,36.0,-0.0736,35.42
BHARTIARTL,5min,rng0.010_rsi40_60,T1_SL_1xATR,50,-1.819,8.9,36.0,-0.0736,35.42
KOTAKBANK,15min,rng0.010_rsi40_60,T1_SL_1xATR,45,-0.842,5.084,44.4,-0.0736,7.9
TCS,10min,rng0.010_rsi40_60,T0,68,-3.826,21.379,41.2,-0.0737,66.88
ICICIBANK,15min,rng0.006_norsi,T0,9,-1.256,3.781,22.2,-0.0738,22.21
ICICIBANK,15min,rng0.006_norsi,T1_SL_1xATR,9,-1.256,3.781,22.2,-0.0738,22.21
TCS,10min,rng0.010_rsi40_60,T1_SL_1xATR,68,-3.928,21.663,41.2,-0.0747,66.88
TCS,10min,rng0.008_norsi,T0,31,-3.374,17.332,38.7,-0.0754,66.88
TCS,10min,rng0.008_norsi,T1_SL_1xATR,31,-3.374,17.332,38.7,-0.0754,66.88
INFY,5min,rngoff_rsi40_60,T0,255,-1.895,10.54,42.0,-0.0754,39.03
KOTAKBANK,10min,rng0.008_norsi,T1_SL_1xATR,22,-0.948,5.139,40.9,-0.0754,7.9
KOTAKBANK,15min,rng0.008_norsi,T1_SL_1xATR,19,-0.718,4.955,52.6,-0.0763,7.9
INFY,10min,rngoff_rsi40_60,T0,237,-1.995,10.286,39.7,-0.0769,39.03
INFY,10min,rngoff_rsi40_60,T1_SL_1xATR,237,-1.989,10.264,39.7,-0.0769,39.03
INFY,5min,rngoff_norsi,T1_SL_1xATR,257,-1.968,10.734,42.0,-0.0771,39.03
SBIN,5min,rng0.006_rsi40_60,T0,7,-1.086,1.999,14.3,-0.0776,26.4
SBIN,5min,rng0.006_rsi40_60,T1_SL_1xATR,7,-1.086,1.999,14.3,-0.0776,26.4
BHARTIARTL,10min,rng0.010_rsi40_60,T0,47,-1.5,7.813,40.4,-0.0776,35.42
BHARTIARTL,10min,rng0.010_rsi40_60,T1_SL_1xATR,47,-1.5,7.813,40.4,-0.0776,35.42
INFY,10min,rng0.010_norsi,T1_SL_1xATR,49,-1.618,8.881,42.9,-0.0781,39.03
KOTAKBANK,5min,rng0.008_rsi40_60,T0,21,-0.886,5.914,52.4,-0.0784,7.9
INFY,10min,rng0.010_norsi,T0,49,-1.67,9.106,42.9,-0.0786,39.03
INFY,5min,rngoff_rsi40_60,T1_SL_1xATR,255,-2.04,10.817,42.0,-0.0791,39.03
ICICIBANK,5min,rng0.006_norsi,T0,7,-2.1,3.755,14.3,-0.0799,22.21
ICICIBANK,5min,rng0.006_norsi,T1_SL_1xATR,7,-2.1,3.755,14.3,-0.0799,22.21
ICICIBANK,5min,rng0.006_rsi40_60,T0,7,-2.1,3.755,14.3,-0.0799,22.21
ICICIBANK,5min,rng0.006_rsi40_60,T1_SL_1xATR,7,-2.1,3.755,14.3,-0.0799,22.21
HINDUNILVR,10min,rng0.010_rsi40_60,T0,73,-1.959,9.068,37.0,-0.0799,47.58
HINDUNILVR,10min,rng0.010_rsi40_60,T1_SL_1xATR,73,-1.959,9.068,37.0,-0.0799,47.58
INFY,10min,rng0.010_rsi40_60,T1_SL_1xATR,46,-1.758,9.079,41.3,-0.08,39.03
INFY,15min,rngoff_rsi40_60,T1_SL_1xATR,206,-2.097,9.749,37.4,-0.0804,39.03
INFY,10min,rng0.010_rsi40_60,T0,46,-1.814,9.313,41.3,-0.0805,39.03
INFY,15min,rngoff_rsi40_60,T0,206,-2.12,9.845,37.4,-0.0805,39.03
BHARTIARTL,15min,rng0.008_rsi40_60,T0,12,-1.9,9.815,41.7,-0.0807,35.42
BHARTIARTL,15min,rng0.008_rsi40_60,T1_SL_1xATR,12,-1.9,9.815,41.7,-0.0807,35.42
INFY,5min,rng0.010_norsi,T0,50,-1.74,8.555,40.0,-0.0814,39.03
INFY,5min,rng0.010_norsi,T1_SL_1xATR,50,-1.82,8.877,40.0,-0.082,39.03
BHARTIARTL,15min,rngoff_norsi,T0,251,-2.14,9.605,37.1,-0.0825,35.42
TCS,15min,rng0.010_norsi,T0,72,-3.766,17.673,40.3,-0.0858,66.88
BHARTIARTL,15min,rngoff_norsi,T1_SL_1xATR,251,-2.286,9.868,37.1,-0.0858,35.42
INFY,5min,rng0.010_rsi40_60,T0,49,-1.921,8.666,38.8,-0.086,39.03
KOTAKBANK,10min,rng0.008_rsi40_60,T0,21,-1.067,4.722,38.1,-0.086,7.9
TCS,15min,rng0.010_norsi,T1_SL_1xATR,72,-3.812,17.833,40.3,-0.0861,66.88
INFY,5min,rng0.010_rsi40_60,T1_SL_1xATR,49,-2.003,8.988,38.8,-0.0864,39.03
TCS,5min,rng0.010_norsi,T0,78,-3.265,16.606,44.9,-0.0882,66.88
TCS,5min,rng0.010_norsi,T1_SL_1xATR,78,-3.307,16.765,44.9,-0.0885,66.88
KOTAKBANK,15min,rng0.008_norsi,T0,19,-0.918,5.424,52.6,-0.0891,7.9
BHARTIARTL,10min,rng0.010_norsi,T0,49,-1.863,7.972,38.8,-0.0906,35.42
BHARTIARTL,10min,rng0.010_norsi,T1_SL_1xATR,49,-1.863,7.972,38.8,-0.0906,35.42
TCS,5min,rng0.010_rsi40_60,T0,78,-3.453,16.473,44.9,-0.0941,66.88
TCS,5min,rng0.010_rsi40_60,T1_SL_1xATR,78,-3.496,16.632,44.9,-0.0943,66.88
TCS,10min,rng0.008_rsi40_60,T0,29,-4.267,17.02,37.9,-0.0951,66.88
TCS,10min,rng0.008_rsi40_60,T1_SL_1xATR,29,-4.267,17.02,37.9,-0.0951,66.88
TCS,15min,rng0.008_rsi40_60,T0,29,-3.236,13.887,41.4,-0.0964,66.88
TCS,15min,rng0.008_rsi40_60,T1_SL_1xATR,29,-3.236,13.887,41.4,-0.0964,66.88
TCS,15min,rng0.010_rsi40_60,T0,60,-4.493,18.297,41.7,-0.1023,66.88
TCS,15min,rng0.010_rsi40_60,T1_SL_1xATR,60,-4.549,18.48,41.7,-0.1026,66.88
INFY,15min,rng0.010_norsi,T0,47,-2.26,9.265,42.6,-0.1038,39.03
INFY,15min,rng0.010_norsi,T1_SL_1xATR,47,-2.155,8.81,42.6,-0.1041,39.03
INFY,15min,rng0.010_rsi40_60,T0,39,-2.801,9.977,41.0,-0.1152,39.03
KOTAKBANK,10min,rng0.008_rsi40_60,T1_SL_1xATR,21,-1.464,4.83,38.1,-0.1155,7.9
INFY,15min,rng0.010_rsi40_60,T1_SL_1xATR,39,-2.675,9.475,41.0,-0.1158,39.03
HINDUNILVR,15min,rng0.006_rsi40_60,T0,6,-2.633,10.533,50.0,-0.125,47.58
HINDUNILVR,15min,rng0.006_rsi40_60,T1_SL_1xATR,6,-2.633,10.533,50.0,-0.125,47.58
ICICIBANK,10min,rng0.006_rsi40_60,T0,6,-1.933,2.502,16.7,-0.1288,22.21
ICICIBANK,10min,rng0.006_rsi40_60,T1_SL_1xATR,6,-1.933,2.502,16.7,-0.1288,22.21
BHARTIARTL,15min,rng0.010_norsi,T0,45,-3.423,7.68,31.1,-0.1387,35.42
KOTAKBANK,15min,rng0.008_rsi40_60,T1_SL_1xATR,13,-1.308,4.982,53.8,-0.1414,7.9
BHARTIARTL,15min,rng0.010_norsi,T1_SL_1xATR,45,-4.146,9.011,31.1,-0.1431,35.42
BHARTIARTL,15min,rng0.010_rsi40_60,T0,38,-3.63,7.928,31.6,-0.1446,35.42
BHARTIARTL,15min,rng0.010_rsi40_60,T1_SL_1xATR,38,-4.486,9.418,31.6,-0.1504,35.42
KOTAKBANK,15min,rng0.008_rsi40_60,T0,13,-1.608,5.627,53.8,-0.1538,7.9
ICICIBANK,10min,rng0.006_norsi,T0,9,-2.067,2.425,22.2,-0.1894,22.21
ICICIBANK,10min,rng0.006_norsi,T1_SL_1xATR,9,-2.067,2.425,22.2,-0.1894,22.21
